[{"instrument": "hh_edge", "offset": 1.0, "duration": 0.0625, "velocity_factor": 1.0}, {"instrument": "snare", "offset": 1.25, "duration": 0.0625, "velocity_factor": 1.0}, {"instrument": "chh", "offset": 1.5, "duration": 0.0625, "velocity_factor": 1.0}, {"instrument": "kick", "offset": 1.75, "duration": 0.0625, "velocity_factor": 1.0}, {"instrument": "snare", "offset": 2.0, "duration": 0.0625, "velocity_factor": 1.0}, {"instrument": "hh_edge", "offset": 2.25, "duration": 0.0625, "velocity_factor": 1.0}, {"instrument": "kick", "offset": 2.5, "duration": 0.0625, "velocity_factor": 1.0}, {"instrument": "chh", "offset": 2.75, "duration": 0.0625, "velocity_factor": 1.0}, {"instrument": "kick", "offset": 3.0, "duration": 0.0625, "velocity_factor": 1.0}, {"instrument": "hh_edge", "offset": 3.25, "duration": 0.0625, "velocity_factor": 1.0}, {"instrument": "chh", "offset": 3.5, "duration": 0.0625, "velocity_factor": 1.0}, {"instrument": "chh", "offset": 3.75, "duration": 0.0625, "velocity_factor": 1.0}, {"instrument": "chh", "offset": 6.75, "duration": 0.0625, "velocity_factor": 1.0}, {"instrument": "snare", "offset": 7.0, "duration": 0.0625, "velocity_factor": 1.0}, {"instrument": "hh_edge", "offset": 7.25, "duration": 0.0625, "velocity_factor": 1.0}, {"instrument": "chh", "offset": 7.5, "duration": 0.0625, "velocity_factor": 1.0}, {"instrument": "snare", "offset": 7.75, "duration": 0.0625, "velocity_factor": 1.0}, {"instrument": "kick", "offset": 8.0, "duration": 0.0625, "velocity_factor": 1.0}, {"instrument": "chh", "offset": 8.25, "duration": 0.0625, "velocity_factor": 1.0}, {"instrument": "snare", "offset": 8.5, "duration": 0.0625, "velocity_factor": 1.0}, {"instrument": "26", "offset": 8.75, "duration": 0.0625, "velocity_factor": 1.0}, {"instrument": "kick", "offset": 9.0, "duration": 0.0625, "velocity_factor": 1.0}, {"instrument": "hh_pedal", "offset": 9.25, "duration": 0.0625, "velocity_factor": 1.0}, {"instrument": "snare_brush", "offset": 9.5, "duration": 0.0625, "velocity_factor": 1.0}, {"instrument": "hh_edge", "offset": 9.75, "duration": 0.0625, "velocity_factor": 1.0}, {"instrument": "snare", "offset": 10.0, "duration": 0.0625, "velocity_factor": 1.0}, {"instrument": "kick", "offset": 10.25, "duration": 0.0625, "velocity_factor": 1.0}, {"instrument": "hh_edge", "offset": 10.5, "duration": 0.0625, "velocity_factor": 1.0}, {"instrument": "kick", "offset": 10.75, "duration": 0.0625, "velocity_factor": 1.0}, {"instrument": "snare", "offset": 11.0, "duration": 0.0625, "velocity_factor": 1.0}, {"instrument": "hh_edge", "offset": 11.25, "duration": 0.0625, "velocity_factor": 1.0}, {"instrument": "snare", "offset": 11.5, "duration": 0.0625, "velocity_factor": 1.0}, {"instrument": "chh", "offset": 11.75, "duration": 0.0625, "velocity_factor": 1.0}, {"instrument": "snare", "offset": 14.75, "duration": 0.0625, "velocity_factor": 1.0}, {"instrument": "kick", "offset": 15.0, "duration": 0.0625, "velocity_factor": 1.0}, {"instrument": "chh", "offset": 15.25, "duration": 0.0625, "velocity_factor": 1.0}, {"instrument": "snare", "offset": 15.5, "duration": 0.0625, "velocity_factor": 1.0}, {"instrument": "kick", "offset": 15.75, "duration": 0.0625, "velocity_factor": 1.0}, {"instrument": "26", "offset": 19.5, "duration": 0.0625, "velocity_factor": 1.0}, {"instrument": "snare", "offset": 19.75, "duration": 0.0625, "velocity_factor": 1.0}, {"instrument": "snare", "offset": 20.0, "duration": 0.0625, "velocity_factor": 1.0}, {"instrument": "hh_pedal", "offset": 20.25, "duration": 0.0625, "velocity_factor": 1.0}, {"instrument": "kick", "offset": 20.5, "duration": 0.0625, "velocity_factor": 1.0}, {"instrument": "snare", "offset": 20.75, "duration": 0.0625, "velocity_factor": 1.0}, {"instrument": "snare", "offset": 21.0, "duration": 0.0625, "velocity_factor": 1.0}, {"instrument": "hh_pedal", "offset": 21.25, "duration": 0.0625, "velocity_factor": 1.0}, {"instrument": "snare", "offset": 21.5, "duration": 0.0625, "velocity_factor": 1.0}, {"instrument": "kick", "offset": 21.75, "duration": 0.0625, "velocity_factor": 1.0}, {"instrument": "57", "offset": 22.0, "duration": 0.0625, "velocity_factor": 1.0}, {"instrument": "hh_pedal", "offset": 22.25, "duration": 0.0625, "velocity_factor": 1.0}, {"instrument": "snare", "offset": 22.5, "duration": 0.0625, "velocity_factor": 1.0}, {"instrument": "57", "offset": 22.75, "duration": 0.0625, "velocity_factor": 1.0}, {"instrument": "hh_pedal", "offset": 23.0, "duration": 0.0625, "velocity_factor": 1.0}, {"instrument": "snare", "offset": 23.25, "duration": 0.0625, "velocity_factor": 1.0}, {"instrument": "hh_pedal", "offset": 23.5, "duration": 0.0625, "velocity_factor": 1.0}, {"instrument": "ride", "offset": 23.75, "duration": 0.0625, "velocity_factor": 1.0}, {"instrument": "kick", "offset": 26.25, "duration": 0.0625, "velocity_factor": 1.0}, {"instrument": "hh_pedal", "offset": 26.5, "duration": 0.0625, "velocity_factor": 1.0}, {"instrument": "ride", "offset": 26.75, "duration": 0.0625, "velocity_factor": 1.0}, {"instrument": "snare", "offset": 27.0, "duration": 0.0625, "velocity_factor": 1.0}, {"instrument": "ride", "offset": 27.25, "duration": 0.0625, "velocity_factor": 1.0}, {"instrument": "ride", "offset": 27.5, "duration": 0.0625, "velocity_factor": 1.0}, {"instrument": "ride", "offset": 27.75, "duration": 0.0625, "velocity_factor": 1.0}, {"instrument": "kick", "offset": 28.0, "duration": 0.0625, "velocity_factor": 1.0}, {"instrument": "ride", "offset": 28.25, "duration": 0.0625, "velocity_factor": 1.0}, {"instrument": "kick", "offset": 28.5, "duration": 0.0625, "velocity_factor": 1.0}, {"instrument": "ride", "offset": 28.75, "duration": 0.0625, "velocity_factor": 1.0}, {"instrument": "hh_pedal", "offset": 29.0, "duration": 0.0625, "velocity_factor": 1.0}, {"instrument": "ride", "offset": 29.25, "duration": 0.0625, "velocity_factor": 1.0}, {"instrument": "kick", "offset": 29.5, "duration": 0.0625, "velocity_factor": 1.0}, {"instrument": "ride", "offset": 29.75, "duration": 0.0625, "velocity_factor": 1.0}, {"instrument": "ride", "offset": 30.0, "duration": 0.0625, "velocity_factor": 1.0}, {"instrument": "snare", "offset": 30.25, "duration": 0.0625, "velocity_factor": 1.0}, {"instrument": "kick", "offset": 30.75, "duration": 0.0625, "velocity_factor": 1.0}, {"instrument": "ride", "offset": 31.0, "duration": 0.0625, "velocity_factor": 1.0}, {"instrument": "snare", "offset": 31.25, "duration": 0.0625, "velocity_factor": 1.0}, {"instrument": "ride", "offset": 31.5, "duration": 0.0625, "velocity_factor": 1.0}, {"instrument": "snare", "offset": 31.75, "duration": 0.0625, "velocity_factor": 1.0}]