[{"instrument": "kick", "offset": 0.0, "duration": 0.0625, "velocity_factor": 1.0}, {"instrument": "kick", "offset": 0.5, "duration": 0.0625, "velocity_factor": 1.0}, {"instrument": "kick", "offset": 0.75, "duration": 0.0625, "velocity_factor": 1.0}, {"instrument": "kick", "offset": 1.75, "duration": 0.0625, "velocity_factor": 1.0}, {"instrument": "kick", "offset": 2.0, "duration": 0.0625, "velocity_factor": 1.0}, {"instrument": "kick", "offset": 2.75, "duration": 0.0625, "velocity_factor": 1.0}, {"instrument": "kick", "offset": 3.0, "duration": 0.0625, "velocity_factor": 1.0}, {"instrument": "kick", "offset": 3.75, "duration": 0.0625, "velocity_factor": 1.0}, {"instrument": "kick", "offset": 4.0, "duration": 0.0625, "velocity_factor": 1.0}, {"instrument": "kick", "offset": 5.25, "duration": 0.0625, "velocity_factor": 1.0}, {"instrument": "kick", "offset": 5.5, "duration": 0.0625, "velocity_factor": 1.0}, {"instrument": "kick", "offset": 6.5, "duration": 0.0625, "velocity_factor": 1.0}, {"instrument": "kick", "offset": 6.75, "duration": 0.0625, "velocity_factor": 1.0}, {"instrument": "kick", "offset": 7.75, "duration": 0.0625, "velocity_factor": 1.0}, {"instrument": "kick", "offset": 8.75, "duration": 0.0625, "velocity_factor": 1.0}, {"instrument": "kick", "offset": 9.0, "duration": 0.0625, "velocity_factor": 1.0}, {"instrument": "kick", "offset": 10.0, "duration": 0.0625, "velocity_factor": 1.0}, {"instrument": "kick", "offset": 10.25, "duration": 0.0625, "velocity_factor": 1.0}, {"instrument": "kick", "offset": 10.5, "duration": 0.0625, "velocity_factor": 1.0}, {"instrument": "kick", "offset": 10.75, "duration": 0.0625, "velocity_factor": 1.0}, {"instrument": "kick", "offset": 11.0, "duration": 0.0625, "velocity_factor": 1.0}, {"instrument": "kick", "offset": 11.25, "duration": 0.0625, "velocity_factor": 1.0}, {"instrument": "kick", "offset": 11.75, "duration": 0.0625, "velocity_factor": 1.0}, {"instrument": "kick", "offset": 12.25, "duration": 0.0625, "velocity_factor": 1.0}, {"instrument": "kick", "offset": 12.75, "duration": 0.0625, "velocity_factor": 1.0}, {"instrument": "kick", "offset": 14.0, "duration": 0.0625, "velocity_factor": 1.0}, {"instrument": "kick", "offset": 14.25, "duration": 0.0625, "velocity_factor": 1.0}, {"instrument": "kick", "offset": 14.5, "duration": 0.0625, "velocity_factor": 1.0}, {"instrument": "kick", "offset": 14.75, "duration": 0.0625, "velocity_factor": 1.0}, {"instrument": "kick", "offset": 15.25, "duration": 0.0625, "velocity_factor": 1.0}, {"instrument": "kick", "offset": 15.5, "duration": 0.0625, "velocity_factor": 1.0}, {"instrument": "kick", "offset": 15.75, "duration": 0.0625, "velocity_factor": 1.0}, {"instrument": "kick", "offset": 18.75, "duration": 0.0625, "velocity_factor": 1.0}, {"instrument": "kick", "offset": 19.0, "duration": 0.0625, "velocity_factor": 1.0}, {"instrument": "kick", "offset": 19.25, "duration": 0.0625, "velocity_factor": 1.0}, {"instrument": "kick", "offset": 19.5, "duration": 0.0625, "velocity_factor": 1.0}, {"instrument": "kick", "offset": 19.75, "duration": 0.0625, "velocity_factor": 1.0}, {"instrument": "kick", "offset": 23.0, "duration": 0.0625, "velocity_factor": 1.0}, {"instrument": "kick", "offset": 23.25, "duration": 0.0625, "velocity_factor": 1.0}, {"instrument": "kick", "offset": 23.5, "duration": 0.0625, "velocity_factor": 1.0}, {"instrument": "kick", "offset": 23.75, "duration": 0.0625, "velocity_factor": 1.0}, {"instrument": "kick", "offset": 26.75, "duration": 0.0625, "velocity_factor": 1.0}, {"instrument": "kick", "offset": 27.0, "duration": 0.0625, "velocity_factor": 1.0}, {"instrument": "kick", "offset": 27.25, "duration": 0.0625, "velocity_factor": 1.0}, {"instrument": "kick", "offset": 27.5, "duration": 0.0625, "velocity_factor": 1.0}, {"instrument": "kick", "offset": 27.75, "duration": 0.0625, "velocity_factor": 1.0}, {"instrument": "kick", "offset": 30.25, "duration": 0.0625, "velocity_factor": 1.0}, {"instrument": "kick", "offset": 30.5, "duration": 0.0625, "velocity_factor": 1.0}, {"instrument": "kick", "offset": 30.75, "duration": 0.0625, "velocity_factor": 1.0}, {"instrument": "kick", "offset": 31.0, "duration": 0.0625, "velocity_factor": 1.0}, {"instrument": "kick", "offset": 31.25, "duration": 0.0625, "velocity_factor": 1.0}, {"instrument": "kick", "offset": 31.5, "duration": 0.0625, "velocity_factor": 1.0}, {"instrument": "kick", "offset": 31.75, "duration": 0.0625, "velocity_factor": 1.0}]