{
  "Verse 1": {
    "bass": {
      "weak_beat_style": "rest",
      "approach_on_4th_beat": true,
      "approach_style_on_4th": "diatonic_only"
    },
    "piano": {
      "weak_beat_style_rh": "ghost",
      "weak_beat_style_lh": "none",
      "fill_on_4th": true,
      "fill_length_beats": 0.5
    },
    "guitar": {
      "rhythm_key": "guitar_ballad_arpeggio",
      "velocity": 72,
      "palm_mute": false,
      "humanize_timing_sec": 0.015,
      "strum_direction_cycle": "down,down,up,up"
    }
  },
  "Pre-Chorus 1": {
    "bass": {
      "approach_on_4th_beat": true,
      "approach_style_on_4th": "chromatic_if_possible"
    },
    "guitar": {
      "rhythm_key": "guitar_slow_arpeggio",
      "velocity": 70,
      "palm_mute": false,
      "humanize_timing_sec": 0.012
    }
  },
  "Chorus 1": {
    "drums": {
      "ghost_hat_on_offbeat": true,
      "additional_kick_density": 0.3
    },
    "bass": {
      "rhythm_key": "bass_pump_8th_octaves",
      "velocity": 85
    },
    "guitar": {
      "rhythm_key": "guitar_power_chord_8ths",
      "velocity": 88,
      "palm_mute": true,
      "humanize_timing_sec": 0.010
    }
  },
  "Verse 2": {
    "bass": {
      "weak_beat_style": "none",
      "approach_on_4th_beat": false
    },
    "guitar": {
      "rhythm_key": "guitar_ballad_arpeggio",
      "velocity": 70,
      "palm_mute": false,
      "humanize_timing_sec": 0.014
    }
  },
  "Chorus 2": {
    "bass": {
      "rhythm_key": "pedal_half",
      "velocity": 82
    },
    "guitar": {
      "rhythm_key": "guitar_power_chord_8ths",
      "velocity": 85,
      "palm_mute": true,
      "humanize_timing_sec": 0.011
    }
  },
  "Bridge 1": {
    "bass": {
      "weak_beat_style": "anticipate",
      "approach_on_4th_beat": true,
      "approach_style_on_4th": "chromatic_only"
    },
    "guitar": {
      "rhythm_key": "guitar_suspense_swell",
      "velocity": 76,
      "palm_mute": false,
      "humanize_timing_sec": 0.013
    }
  },
  "Verse 3": {
    "bass": {
      "weak_beat_style": "ghost",
      "approach_on_4th_beat": false
    },
    "guitar": {
      "rhythm_key": "guitar_ballad_arpeggio",
      "velocity": 73,
      "palm_mute": false,
      "humanize_timing_sec": 0.012
    }
  },
  "Pre-Chorus 2": {
    "bass": {
      "approach_on_4th_beat": true,
      "approach_style_on_4th": "diatonic_only"
    },
    "guitar": {
      "rhythm_key": "guitar_slow_arpeggio",
      "velocity": 70,
      "palm_mute": false,
      "humanize_timing_sec": 0.013
    }
  },
  "Chorus 3": {
    "bass": {
      "rhythm_key": "bass_pump_8th_octaves",
      "velocity": 88
    },
    "guitar": {
      "rhythm_key": "guitar_power_chord_8ths",
      "velocity": 90,
      "palm_mute": true,
      "humanize_timing_sec": 0.009
    }
  },
  "Bridge 2": {
    "bass": {
      "weak_beat_style": "anticipate",
      "approach_on_4th_beat": true,
      "approach_style_on_4th": "modal_ascend"
    },
    "guitar": {
      "rhythm_key": "guitar_transition_strum",
      "velocity": 77,
      "palm_mute": false,
      "humanize_timing_sec": 0.014
    }
  },
  "Verse 4": {
    "bass": {
      "weak_beat_style": "ghost",
      "approach_on_4th_beat": false
    },
    "guitar": {
      "rhythm_key": "guitar_ballad_arpeggio",
      "velocity": 74,
      "palm_mute": false,
      "humanize_timing_sec": 0.013
    }
  },
  "Chorus 4": {
    "bass": {
      "rhythm_key": "pedal_half",
      "velocity": 86
    },
    "guitar": {
      "rhythm_key": "guitar_power_chord_8ths",
      "velocity": 87,
      "palm_mute": true,
      "humanize_timing_sec": 0.010
    }
  }
}