[
  {
    "grid_index": 0,
    "count": 99
  },
  {
    "grid_index": 1,
    "count": 44
  },
  {
    "grid_index": 2,
    "count": 79
  },
  {
    "grid_index": 3,
    "count": 10
  },
  {
    "grid_index": 4,
    "count": 83
  },
  {
    "grid_index": 5,
    "count": 66
  },
  {
    "grid_index": 6,
    "count": 81
  },
  {
    "grid_index": 7,
    "count": 8
  },
  {
    "grid_index": 8,
    "count": 60
  },
  {
    "grid_index": 9,
    "count": 48
  },
  {
    "grid_index": 10,
    "count": 64
  },
  {
    "grid_index": 11,
    "count": 9
  },
  {
    "grid_index": 12,
    "count": 58
  },
  {
    "grid_index": 13,
    "count": 52
  },
  {
    "grid_index": 14,
    "count": 63
  },
  {
    "grid_index": 15,
    "count": 7
  }
]