[
  {
    "offset": 5.0,
    "pitch": "E-4",
    "length": 0.3333333333333333
  },
  {
    "offset": 5.0,
    "pitch": "F4",
    "length": 0.3333333333333333
  },
  {
    "offset": 5.333333333333333,
    "pitch": "C#4",
    "length": 0.3333333333333333
  },
  {
    "offset": 5.333333333333333,
    "pitch": "E-4",
    "length": 0.3333333333333333
  },
  {
    "offset": 6.0,
    "pitch": "C#4",
    "length": 1.0
  },
  {
    "offset": 7.0,
    "pitch": "G#3",
    "length": 0.25
  },
  {
    "offset": 7.25,
    "pitch": "B-3",
    "length": 0.5
  },
  {
    "offset": 7.5,
    "pitch": "C#4",
    "length": 0.5
  },
  {
    "offset": 7.5,
    "pitch": "B-3",
    "length": 0.5
  },
  {
    "offset": 8.0,
    "pitch": "C#4",
    "length": 0.5
  },
  {
    "offset": 8.25,
    "pitch": "B-3",
    "length": 0.3333333333333333
  },
  {
    "offset": 8.25,
    "pitch": "C#4",
    "length": 0.3333333333333333
  },
  {
    "offset": 8.666666666666666,
    "pitch": "B-3",
    "length": 0.3333333333333333
  },
  {
    "offset": 9.0,
    "pitch": "E-4",
    "length": 0.5
  },
  {
    "offset": 9.5,
    "pitch": "C#4",
    "length": 0.25
  },
  {
    "offset": 9.75,
    "pitch": "B-3",
    "length": 1.0
  },
  {
    "offset": 11.0,
    "pitch": "G#3",
    "length": 0.25
  },
  {
    "offset": 11.25,
    "pitch": "B-3",
    "length": 0.5
  },
  {
    "offset": 11.5,
    "pitch": "C#4",
    "length": 0.25
  },
  {
    "offset": 11.5,
    "pitch": "B-3",
    "length": 0.25
  },
  {
    "offset": 12.0,
    "pitch": "C#4",
    "length": 0.5
  },
  {
    "offset": 12.5,
    "pitch": "E-4",
    "length": 0.5
  },
  {
    "offset": 13.0,
    "pitch": "E-4",
    "length": 0.25
  },
  {
    "offset": 13.0,
    "pitch": "F4",
    "length": 0.25
  },
  {
    "offset": 13.5,
    "pitch": "B-3",
    "length": 0.25
  },
  {
    "offset": 14.0,
    "pitch": "B3",
    "length": 0.25
  },
  {
    "offset": 14.25,
    "pitch": "C#4",
    "length": 0.25
  },
  {
    "offset": 14.5,
    "pitch": "C#4",
    "length": 0.3333333333333333
  },
  {
    "offset": 14.75,
    "pitch": "C#4",
    "length": 0.5
  },
  {
    "offset": 15.25,
    "pitch": "C#4",
    "length": 0.3333333333333333
  },
  {
    "offset": 15.25,
    "pitch": "G#3",
    "length": 0.3333333333333333
  },
  {
    "offset": 15.666666666666666,
    "pitch": "B-3",
    "length": 0.3333333333333333
  },
  {
    "offset": 16.0,
    "pitch": "G#3",
    "length": 1.3333333333333333
  },
  {
    "offset": 17.333333333333332,
    "pitch": "G#3",
    "length": 0.3333333333333333
  },
  {
    "offset": 17.666666666666668,
    "pitch": "B-3",
    "length": 0.75
  },
  {
    "offset": 18.5,
    "pitch": "B3",
    "length": 0.25
  },
  {
    "offset": 18.75,
    "pitch": "C#4",
    "length": 0.75
  },
  {
    "offset": 19.5,
    "pitch": "B-3",
    "length": 0.5
  },
  {
    "offset": 20.0,
    "pitch": "B-3",
    "length": 0.75
  },
  {
    "offset": 21.0,
    "pitch": "C#4",
    "length": 0.25
  },
  {
    "offset": 21.25,
    "pitch": "E-4",
    "length": 0.25
  },
  {
    "offset": 21.5,
    "pitch": "E-4",
    "length": 0.25
  },
  {
    "offset": 21.666666666666668,
    "pitch": "F4",
    "length": 0.3333333333333333
  },
  {
    "offset": 22.0,
    "pitch": "C#4",
    "length": 0.25
  },
  {
    "offset": 22.25,
    "pitch": "E-4",
    "length": 1.0
  },
  {
    "offset": 23.0,
    "pitch": "C#4",
    "length": 0.5
  },
  {
    "offset": 23.0,
    "pitch": "E-4",
    "length": 0.5
  },
  {
    "offset": 23.5,
    "pitch": "C#4",
    "length": 0.25
  },
  {
    "offset": 23.666666666666668,
    "pitch": "E-4",
    "length": 0.3333333333333333
  },
  {
    "offset": 24.0,
    "pitch": "E-4",
    "length": 0.4166666666666667
  },
  {
    "offset": 24.25,
    "pitch": "C#4",
    "length": 0.25
  },
  {
    "offset": 24.5,
    "pitch": "E-4",
    "length": 0.25
  },
  {
    "offset": 24.5,
    "pitch": "F4",
    "length": 0.25
  },
  {
    "offset": 25.0,
    "pitch": "E-4",
    "length": 0.5
  },
  {
    "offset": 25.5,
    "pitch": "C#4",
    "length": 2.25
  },
  {
    "offset": 28.5,
    "pitch": "G#3",
    "length": 0.25
  },
  {
    "offset": 29.0,
    "pitch": "C#4",
    "length": 0.5
  },
  {
    "offset": 29.5,
    "pitch": "E-4",
    "length": 0.5
  },
  {
    "offset": 30.0,
    "pitch": "E-4",
    "length": 0.25
  },
  {
    "offset": 30.25,
    "pitch": "F4",
    "length": 0.5
  },
  {
    "offset": 30.666666666666668,
    "pitch": "B-3",
    "length": 0.75
  },
  {
    "offset": 31.5,
    "pitch": "G#3",
    "length": 0.5
  },
  {
    "offset": 32.0,
    "pitch": "E-4",
    "length": 0.25
  },
  {
    "offset": 32.25,
    "pitch": "F4",
    "length": 0.25
  },
  {
    "offset": 32.333333333333336,
    "pitch": "B-3",
    "length": 0.3333333333333333
  },
  {
    "offset": 32.75,
    "pitch": "B-3",
    "length": 0.5
  },
  {
    "offset": 33.25,
    "pitch": "G#3",
    "length": 0.25
  },
  {
    "offset": 33.5,
    "pitch": "C#4",
    "length": 2.5
  },
  {
    "offset": 36.0,
    "pitch": "C#4",
    "length": 0.5
  },
  {
    "offset": 36.5,
    "pitch": "G#3",
    "length": 0.25
  },
  {
    "offset": 36.5,
    "pitch": "B-3",
    "length": 0.25
  },
  {
    "offset": 37.0,
    "pitch": "C#4",
    "length": 0.5
  },
  {
    "offset": 37.5,
    "pitch": "E-4",
    "length": 0.5
  },
  {
    "offset": 37.5,
    "pitch": "F4",
    "length": 0.5
  },
  {
    "offset": 38.0,
    "pitch": "E-4",
    "length": 0.25
  },
  {
    "offset": 38.25,
    "pitch": "F4",
    "length": 0.3333333333333333
  },
  {
    "offset": 38.5,
    "pitch": "F4",
    "length": 1.0
  },
  {
    "offset": 39.333333333333336,
    "pitch": "F4",
    "length": 0.6666666666666666
  },
  {
    "offset": 40.0,
    "pitch": "E-4",
    "length": 0.25
  },
  {
    "offset": 40.0,
    "pitch": "F4",
    "length": 0.25
  },
  {
    "offset": 40.0,
    "pitch": "F4",
    "length": 0.08333333333333333
  },
  {
    "offset": 40.5,
    "pitch": "E-4",
    "length": 0.3333333333333333
  },
  {
    "offset": 40.75,
    "pitch": "C#4",
    "length": 0.75
  },
  {
    "offset": 41.5,
    "pitch": "C#4",
    "length": 0.25
  },
  {
    "offset": 41.666666666666664,
    "pitch": "E-4",
    "length": 0.75
  },
  {
    "offset": 42.333333333333336,
    "pitch": "F4",
    "length": 1.6666666666666667
  },
  {
    "offset": 44.0,
    "pitch": "F4",
    "length": 0.3333333333333333
  },
  {
    "offset": 44.5,
    "pitch": "G#3",
    "length": 0.5
  },
  {
    "offset": 45.0,
    "pitch": "C#4",
    "length": 0.5
  },
  {
    "offset": 45.5,
    "pitch": "E-4",
    "length": 0.6666666666666666
  },
  {
    "offset": 46.0,
    "pitch": "F4",
    "length": 0.25
  },
  {
    "offset": 46.5,
    "pitch": "F#4",
    "length": 0.5
  },
  {
    "offset": 47.0,
    "pitch": "F4",
    "length": 0.5
  },
  {
    "offset": 47.333333333333336,
    "pitch": "F#4",
    "length": 0.3333333333333333
  },
  {
    "offset": 48.0,
    "pitch": "E-4",
    "length": 0.5
  },
  {
    "offset": 48.5,
    "pitch": "E-4",
    "length": 0.3333333333333333
  },
  {
    "offset": 48.75,
    "pitch": "C#4",
    "length": 0.75
  },
  {
    "offset": 49.5,
    "pitch": "C#4",
    "length": 0.25
  },
  {
    "offset": 49.666666666666664,
    "pitch": "E-4",
    "length": 0.75
  },
  {
    "offset": 50.5,
    "pitch": "B-3",
    "length": 1.5
  },
  {
    "offset": 52.0,
    "pitch": "B-3",
    "length": 0.5
  },
  {
    "offset": 52.333333333333336,
    "pitch": "G#3",
    "length": 0.6666666666666666
  },
  {
    "offset": 53.0,
    "pitch": "C#4",
    "length": 0.25
  },
  {
    "offset": 53.5,
    "pitch": "E-4",
    "length": 0.5
  },
  {
    "offset": 54.0,
    "pitch": "F4",
    "length": 0.25
  },
  {
    "offset": 54.5,
    "pitch": "F#4",
    "length": 0.5
  },
  {
    "offset": 55.0,
    "pitch": "E-4",
    "length": 0.25
  },
  {
    "offset": 55.25,
    "pitch": "F4",
    "length": 0.3333333333333333
  },
  {
    "offset": 55.5,
    "pitch": "F#4",
    "length": 0.5
  },
  {
    "offset": 56.0,
    "pitch": "F4",
    "length": 0.5
  },
  {
    "offset": 56.5,
    "pitch": "E-4",
    "length": 0.5
  },
  {
    "offset": 57.0,
    "pitch": "C#4",
    "length": 0.5
  },
  {
    "offset": 57.5,
    "pitch": "C#4",
    "length": 0.25
  },
  {
    "offset": 57.666666666666664,
    "pitch": "E-4",
    "length": 0.75
  },
  {
    "offset": 58.5,
    "pitch": "B-3",
    "length": 1.0
  },
  {
    "offset": 59.333333333333336,
    "pitch": "G#3",
    "length": 0.3333333333333333
  },
  {
    "offset": 60.0,
    "pitch": "F4",
    "length": 0.5
  },
  {
    "offset": 60.5,
    "pitch": "F#4",
    "length": 0.5
  },
  {
    "offset": 61.0,
    "pitch": "F4",
    "length": 0.5
  },
  {
    "offset": 61.5,
    "pitch": "E-4",
    "length": 0.5
  },
  {
    "offset": 62.0,
    "pitch": "E-4",
    "length": 0.5
  },
  {
    "offset": 62.5,
    "pitch": "E-4",
    "length": 0.6666666666666666
  },
  {
    "offset": 62.75,
    "pitch": "C#4",
    "length": 0.3333333333333333
  },
  {
    "offset": 63.0,
    "pitch": "E-4",
    "length": 0.75
  },
  {
    "offset": 64.0,
    "pitch": "E-4",
    "length": 0.3333333333333333
  },
  {
    "offset": 64.33333333333333,
    "pitch": "C#4",
    "length": 0.6666666666666666
  },
  {
    "offset": 65.0,
    "pitch": "E-4",
    "length": 0.5
  },
  {
    "offset": 65.5,
    "pitch": "E-4",
    "length": 0.25
  },
  {
    "offset": 65.66666666666667,
    "pitch": "F4",
    "length": 0.75
  },
  {
    "offset": 66.5,
    "pitch": "E4",
    "length": 0.25
  },
  {
    "offset": 66.5,
    "pitch": "E-4",
    "length": 0.75
  },
  {
    "offset": 67.5,
    "pitch": "G#3",
    "length": 0.25
  },
  {
    "offset": 68.0,
    "pitch": "F4",
    "length": 0.5
  },
  {
    "offset": 68.5,
    "pitch": "F#4",
    "length": 0.5
  },
  {
    "offset": 69.0,
    "pitch": "E-4",
    "length": 0.3333333333333333
  },
  {
    "offset": 69.0,
    "pitch": "F4",
    "length": 0.3333333333333333
  },
  {
    "offset": 69.33333333333333,
    "pitch": "E-4",
    "length": 0.5
  },
  {
    "offset": 69.75,
    "pitch": "C#4",
    "length": 0.6666666666666666
  },
  {
    "offset": 70.33333333333333,
    "pitch": "B-3",
    "length": 0.3333333333333333
  },
  {
    "offset": 71.0,
    "pitch": "C#4",
    "length": 0.5
  },
  {
    "offset": 71.33333333333333,
    "pitch": "B-3",
    "length": 0.6666666666666666
  },
  {
    "offset": 72.0,
    "pitch": "C#4",
    "length": 0.25
  },
  {
    "offset": 72.0,
    "pitch": "B-3",
    "length": 0.3333333333333333
  },
  {
    "offset": 72.5,
    "pitch": "B-3",
    "length": 0.5
  },
  {
    "offset": 73.0,
    "pitch": "C#4",
    "length": 0.5
  },
  {
    "offset": 73.33333333333333,
    "pitch": "E-4",
    "length": 0.6666666666666666
  },
  {
    "offset": 74.0,
    "pitch": "E-4",
    "length": 0.25
  },
  {
    "offset": 74.25,
    "pitch": "F4",
    "length": 0.5
  },
  {
    "offset": 74.66666666666667,
    "pitch": "C#4",
    "length": 0.3333333333333333
  },
  {
    "offset": 75.0,
    "pitch": "E-4",
    "length": 0.5
  },
  {
    "offset": 76.0,
    "pitch": "G#4",
    "length": 0.5
  },
  {
    "offset": 76.5,
    "pitch": "F4",
    "length": 0.5
  },
  {
    "offset": 77.0,
    "pitch": "C#4",
    "length": 0.25
  },
  {
    "offset": 77.0,
    "pitch": "E-4",
    "length": 0.25
  },
  {
    "offset": 77.5,
    "pitch": "C#4",
    "length": 0.75
  },
  {
    "offset": 78.33333333333333,
    "pitch": "F4",
    "length": 0.3333333333333333
  },
  {
    "offset": 78.66666666666667,
    "pitch": "E-4",
    "length": 0.75
  },
  {
    "offset": 79.25,
    "pitch": "F4",
    "length": 0.25
  },
  {
    "offset": 79.5,
    "pitch": "E-4",
    "length": 0.5
  },
  {
    "offset": 80.0,
    "pitch": "E-4",
    "length": 0.25
  },
  {
    "offset": 80.5,
    "pitch": "F4",
    "length": 0.5
  },
  {
    "offset": 81.0,
    "pitch": "E-4",
    "length": 0.75
  },
  {
    "offset": 81.66666666666667,
    "pitch": "C#4",
    "length": 2.0
  },
  {
    "offset": 83.75,
    "pitch": "F#4",
    "length": 0.25
  },
  {
    "offset": 84.0,
    "pitch": "G#4",
    "length": 0.25
  },
  {
    "offset": 84.0,
    "pitch": "F#4",
    "length": 0.08333333333333333
  },
  {
    "offset": 84.5,
    "pitch": "F4",
    "length": 0.5
  },
  {
    "offset": 85.0,
    "pitch": "C#4",
    "length": 0.3333333333333333
  },
  {
    "offset": 85.0,
    "pitch": "E-4",
    "length": 0.3333333333333333
  },
  {
    "offset": 85.33333333333333,
    "pitch": "C#4",
    "length": 0.6666666666666666
  },
  {
    "offset": 86.0,
    "pitch": "C#4",
    "length": 0.3333333333333333
  },
  {
    "offset": 86.0,
    "pitch": "E-4",
    "length": 0.3333333333333333
  },
  {
    "offset": 86.33333333333333,
    "pitch": "F4",
    "length": 0.5
  },
  {
    "offset": 86.75,
    "pitch": "C#4",
    "length": 0.75
  },
  {
    "offset": 87.5,
    "pitch": "C#4",
    "length": 0.5
  },
  {
    "offset": 88.0,
    "pitch": "C#4",
    "length": 0.25
  },
  {
    "offset": 88.25,
    "pitch": "E-4",
    "length": 0.25
  },
  {
    "offset": 88.25,
    "pitch": "F4",
    "length": 0.25
  },
  {
    "offset": 88.75,
    "pitch": "E-4",
    "length": 0.3333333333333333
  },
  {
    "offset": 89.0,
    "pitch": "C#4",
    "length": 0.25
  },
  {
    "offset": 89.5,
    "pitch": "C#4",
    "length": 0.25
  },
  {
    "offset": 89.5,
    "pitch": "E-4",
    "length": 0.25
  },
  {
    "offset": 90.0,
    "pitch": "C#4",
    "length": 1.5
  },
  {
    "offset": 91.5,
    "pitch": "C#4",
    "length": 0.25
  },
  {
    "offset": 92.0,
    "pitch": "G#4",
    "length": 0.5
  },
  {
    "offset": 92.33333333333333,
    "pitch": "F4",
    "length": 0.3333333333333333
  },
  {
    "offset": 92.66666666666667,
    "pitch": "E-4",
    "length": 0.5
  },
  {
    "offset": 93.25,
    "pitch": "F4",
    "length": 0.25
  },
  {
    "offset": 93.33333333333333,
    "pitch": "C#4",
    "length": 0.3333333333333333
  },
  {
    "offset": 93.66666666666667,
    "pitch": "E-4",
    "length": 0.6666666666666666
  },
  {
    "offset": 94.25,
    "pitch": "C#4",
    "length": 0.75
  },
  {
    "offset": 95.0,
    "pitch": "C#4",
    "length": 1.0
  },
  {
    "offset": 96.0,
    "pitch": "C#4",
    "length": 0.5
  },
  {
    "offset": 96.25,
    "pitch": "B-3",
    "length": 0.5
  },
  {
    "offset": 96.33333333333333,
    "pitch": "C#4",
    "length": 0.3333333333333333
  },
  {
    "offset": 96.66666666666667,
    "pitch": "B-3",
    "length": 0.5
  },
  {
    "offset": 97.0,
    "pitch": "C#4",
    "length": 0.25
  },
  {
    "offset": 97.5,
    "pitch": "D4",
    "length": 0.5
  },
  {
    "offset": 98.0,
    "pitch": "C#4",
    "length": 0.5
  },
  {
    "offset": 98.25,
    "pitch": "B-3",
    "length": 0.5
  },
  {
    "offset": 98.25,
    "pitch": "C#4",
    "length": 0.5
  },
  {
    "offset": 98.66666666666667,
    "pitch": "B-3",
    "length": 0.3333333333333333
  },
  {
    "offset": 99.0,
    "pitch": "C#4",
    "length": 0.3333333333333333
  },
  {
    "offset": 99.33333333333333,
    "pitch": "C#4",
    "length": 0.5
  },
  {
    "offset": 99.75,
    "pitch": "C#4",
    "length": 0.25
  },
  {
    "offset": 100.0,
    "pitch": "F4",
    "length": 0.5
  },
  {
    "offset": 100.5,
    "pitch": "E-4",
    "length": 0.25
  },
  {
    "offset": 100.66666666666667,
    "pitch": "C#4",
    "length": 0.3333333333333333
  },
  {
    "offset": 101.0,
    "pitch": "C#4",
    "length": 0.25
  },
  {
    "offset": 101.25,
    "pitch": "E-4",
    "length": 0.75
  },
  {
    "offset": 102.0,
    "pitch": "G#3",
    "length": 0.25
  },
  {
    "offset": 102.0,
    "pitch": "B-3",
    "length": 0.5
  },
  {
    "offset": 102.5,
    "pitch": "C#4",
    "length": 0.5
  },
  {
    "offset": 102.5,
    "pitch": "B-3",
    "length": 0.5
  },
  {
    "offset": 103.0,
    "pitch": "C#4",
    "length": 0.5
  },
  {
    "offset": 103.0,
    "pitch": "B-3",
    "length": 0.5
  },
  {
    "offset": 103.5,
    "pitch": "C#4",
    "length": 0.25
  },
  {
    "offset": 103.66666666666667,
    "pitch": "B-3",
    "length": 0.3333333333333333
  },
  {
    "offset": 104.0,
    "pitch": "C#4",
    "length": 0.25
  },
  {
    "offset": 104.25,
    "pitch": "E-4",
    "length": 0.25
  },
  {
    "offset": 104.5,
    "pitch": "F4",
    "length": 0.25
  },
  {
    "offset": 104.5,
    "pitch": "C#4",
    "length": 0.25
  },
  {
    "offset": 105.0,
    "pitch": "E-4",
    "length": 0.3333333333333333
  },
  {
    "offset": 105.25,
    "pitch": "E-4",
    "length": 0.3333333333333333
  },
  {
    "offset": 105.25,
    "pitch": "E-4",
    "length": 0.3333333333333333
  },
  {
    "offset": 105.66666666666667,
    "pitch": "F4",
    "length": 0.3333333333333333
  },
  {
    "offset": 106.0,
    "pitch": "F#4",
    "length": 0.75
  },
  {
    "offset": 106.66666666666667,
    "pitch": "C#4",
    "length": 0.5
  },
  {
    "offset": 107.0,
    "pitch": "C#4",
    "length": 0.3333333333333333
  },
  {
    "offset": 107.33333333333333,
    "pitch": "C#4",
    "length": 0.3333333333333333
  },
  {
    "offset": 107.66666666666667,
    "pitch": "E4",
    "length": 0.3333333333333333
  },
  {
    "offset": 108.0,
    "pitch": "E4",
    "length": 0.4166666666666667
  },
  {
    "offset": 108.5,
    "pitch": "C#4",
    "length": 0.75
  },
  {
    "offset": 109.25,
    "pitch": "C#4",
    "length": 0.3333333333333333
  },
  {
    "offset": 109.25,
    "pitch": "E-4",
    "length": 0.3333333333333333
  },
  {
    "offset": 109.66666666666667,
    "pitch": "C#4",
    "length": 0.3333333333333333
  },
  {
    "offset": 110.0,
    "pitch": "C#4",
    "length": 0.25
  },
  {
    "offset": 110.25,
    "pitch": "E-4",
    "length": 0.75
  },
  {
    "offset": 110.66666666666667,
    "pitch": "C#4",
    "length": 0.3333333333333333
  },
  {
    "offset": 111.0,
    "pitch": "E-4",
    "length": 0.5
  },
  {
    "offset": 111.25,
    "pitch": "C4",
    "length": 0.3333333333333333
  },
  {
    "offset": 111.25,
    "pitch": "E-4",
    "length": 0.3333333333333333
  },
  {
    "offset": 111.66666666666667,
    "pitch": "F4",
    "length": 0.3333333333333333
  },
  {
    "offset": 112.0,
    "pitch": "F4",
    "length": 0.6666666666666666
  },
  {
    "offset": 112.75,
    "pitch": "E-4",
    "length": 0.5
  },
  {
    "offset": 113.25,
    "pitch": "C#4",
    "length": 0.5
  },
  {
    "offset": 113.33333333333333,
    "pitch": "E-4",
    "length": 0.3333333333333333
  },
  {
    "offset": 113.33333333333333,
    "pitch": "C#4",
    "length": 0.3333333333333333
  },
  {
    "offset": 114.0,
    "pitch": "E-4",
    "length": 1.0
  },
  {
    "offset": 114.66666666666667,
    "pitch": "C#4",
    "length": 0.5
  },
  {
    "offset": 115.0,
    "pitch": "E-4",
    "length": 0.25
  },
  {
    "offset": 115.0,
    "pitch": "C#4",
    "length": 0.25
  },
  {
    "offset": 115.5,
    "pitch": "E-4",
    "length": 0.25
  },
  {
    "offset": 115.66666666666667,
    "pitch": "F4",
    "length": 0.3333333333333333
  },
  {
    "offset": 116.0,
    "pitch": "F4",
    "length": 0.75
  },
  {
    "offset": 116.66666666666667,
    "pitch": "G#3",
    "length": 0.5
  },
  {
    "offset": 117.25,
    "pitch": "B-3",
    "length": 0.3333333333333333
  },
  {
    "offset": 117.25,
    "pitch": "C#4",
    "length": 0.3333333333333333
  },
  {
    "offset": 117.66666666666667,
    "pitch": "E-4",
    "length": 0.3333333333333333
  },
  {
    "offset": 118.0,
    "pitch": "F4",
    "length": 0.5
  },
  {
    "offset": 118.5,
    "pitch": "G#3",
    "length": 0.25
  },
  {
    "offset": 118.75,
    "pitch": "B-3",
    "length": 0.5
  },
  {
    "offset": 119.25,
    "pitch": "G#3",
    "length": 0.5
  },
  {
    "offset": 119.66666666666667,
    "pitch": "B-3",
    "length": 0.3333333333333333
  },
  {
    "offset": 120.0,
    "pitch": "F4",
    "length": 0.5
  },
  {
    "offset": 120.33333333333333,
    "pitch": "G#3",
    "length": 0.3333333333333333
  },
  {
    "offset": 120.66666666666667,
    "pitch": "B-3",
    "length": 1.0
  },
  {
    "offset": 121.5,
    "pitch": "G#3",
    "length": 0.25
  },
  {
    "offset": 121.5,
    "pitch": "B-3",
    "length": 0.25
  },
  {
    "offset": 122.25,
    "pitch": "F4",
    "length": 0.6666666666666666
  },
  {
    "offset": 122.66666666666667,
    "pitch": "E-4",
    "length": 0.6666666666666666
  },
  {
    "offset": 123.0,
    "pitch": "F4",
    "length": 0.5
  },
  {
    "offset": 123.25,
    "pitch": "E-4",
    "length": 0.5
  },
  {
    "offset": 123.25,
    "pitch": "F4",
    "length": 0.5
  },
  {
    "offset": 123.66666666666667,
    "pitch": "E-4",
    "length": 0.25
  },
  {
    "offset": 123.75,
    "pitch": "F4",
    "length": 0.25
  },
  {
    "offset": 124.25,
    "pitch": "G#4",
    "length": 0.5
  },
  {
    "offset": 124.66666666666667,
    "pitch": "C#4",
    "length": 0.3333333333333333
  },
  {
    "offset": 125.0,
    "pitch": "C#4",
    "length": 0.25
  },
  {
    "offset": 125.0,
    "pitch": "E-4",
    "length": 0.25
  },
  {
    "offset": 125.5,
    "pitch": "C#4",
    "length": 0.25
  },
  {
    "offset": 125.5,
    "pitch": "C#4",
    "length": 0.25
  },
  {
    "offset": 126.0,
    "pitch": "C#4",
    "length": 0.25
  },
  {
    "offset": 126.25,
    "pitch": "E-4",
    "length": 0.5
  },
  {
    "offset": 126.66666666666667,
    "pitch": "C#4",
    "length": 0.3333333333333333
  },
  {
    "offset": 127.0,
    "pitch": "C#4",
    "length": 0.5
  },
  {
    "offset": 127.5,
    "pitch": "F4",
    "length": 0.5
  },
  {
    "offset": 128.0,
    "pitch": "F4",
    "length": 0.75
  },
  {
    "offset": 129.25,
    "pitch": "C#4",
    "length": 0.75
  },
  {
    "offset": 129.66666666666666,
    "pitch": "B-3",
    "length": 0.3333333333333333
  },
  {
    "offset": 130.0,
    "pitch": "C#4",
    "length": 0.25
  },
  {
    "offset": 130.25,
    "pitch": "E-4",
    "length": 0.75
  },
  {
    "offset": 130.66666666666666,
    "pitch": "C#4",
    "length": 0.5
  },
  {
    "offset": 131.0,
    "pitch": "E-4",
    "length": 0.25
  },
  {
    "offset": 131.0,
    "pitch": "C#4",
    "length": 0.25
  },
  {
    "offset": 131.5,
    "pitch": "E-4",
    "length": 0.5
  },
  {
    "offset": 131.5,
    "pitch": "F4",
    "length": 0.5
  },
  {
    "offset": 132.0,
    "pitch": "E-4",
    "length": 0.25
  },
  {
    "offset": 132.0,
    "pitch": "F4",
    "length": 0.75
  },
  {
    "offset": 133.0,
    "pitch": "E-4",
    "length": 0.5
  },
  {
    "offset": 133.5,
    "pitch": "F#4",
    "length": 0.5
  },
  {
    "offset": 134.0,
    "pitch": "F4",
    "length": 0.3333333333333333
  },
  {
    "offset": 134.33333333333334,
    "pitch": "C#4",
    "length": 0.3333333333333333
  },
  {
    "offset": 134.66666666666666,
    "pitch": "E-4",
    "length": 0.5
  },
  {
    "offset": 135.25,
    "pitch": "C#4",
    "length": 0.25
  },
  {
    "offset": 135.5,
    "pitch": "B-3",
    "length": 0.5
  },
  {
    "offset": 136.0,
    "pitch": "B-3",
    "length": 0.5
  },
  {
    "offset": 136.5,
    "pitch": "G#3",
    "length": 0.5
  },
  {
    "offset": 137.0,
    "pitch": "C#4",
    "length": 0.25
  },
  {
    "offset": 137.25,
    "pitch": "E-4",
    "length": 0.3333333333333333
  },
  {
    "offset": 137.5,
    "pitch": "E-4",
    "length": 0.25
  },
  {
    "offset": 137.66666666666666,
    "pitch": "F4",
    "length": 1.0
  },
  {
    "offset": 138.66666666666666,
    "pitch": "E-4",
    "length": 0.6666666666666666
  },
  {
    "offset": 139.25,
    "pitch": "E-4",
    "length": 0.3333333333333333
  },
  {
    "offset": 139.25,
    "pitch": "C#4",
    "length": 0.3333333333333333
  },
  {
    "offset": 139.66666666666666,
    "pitch": "E-4",
    "length": 0.3333333333333333
  },
  {
    "offset": 140.0,
    "pitch": "E-4",
    "length": 0.4166666666666667
  },
  {
    "offset": 140.5,
    "pitch": "G#3",
    "length": 0.5
  },
  {
    "offset": 141.0,
    "pitch": "C4",
    "length": 0.25
  },
  {
    "offset": 141.25,
    "pitch": "C#4",
    "length": 0.25
  },
  {
    "offset": 141.33333333333334,
    "pitch": "E-4",
    "length": 0.3333333333333333
  },
  {
    "offset": 142.0,
    "pitch": "F4",
    "length": 0.5
  },
  {
    "offset": 142.5,
    "pitch": "F#4",
    "length": 0.5
  },
  {
    "offset": 143.0,
    "pitch": "E-4",
    "length": 0.25
  },
  {
    "offset": 143.25,
    "pitch": "F4",
    "length": 0.25
  },
  {
    "offset": 143.5,
    "pitch": "F#4",
    "length": 0.5
  },
  {
    "offset": 144.0,
    "pitch": "F4",
    "length": 0.5
  },
  {
    "offset": 144.5,
    "pitch": "E-4",
    "length": 0.5
  },
  {
    "offset": 145.0,
    "pitch": "C#4",
    "length": 0.75
  },
  {
    "offset": 145.66666666666666,
    "pitch": "E-4",
    "length": 0.75
  },
  {
    "offset": 146.5,
    "pitch": "E-4",
    "length": 0.5
  },
  {
    "offset": 146.5,
    "pitch": "F4",
    "length": 0.5
  },
  {
    "offset": 147.0,
    "pitch": "E-4",
    "length": 0.25
  },
  {
    "offset": 147.25,
    "pitch": "F4",
    "length": 0.75
  },
  {
    "offset": 148.0,
    "pitch": "F4",
    "length": 0.5
  },
  {
    "offset": 148.5,
    "pitch": "G#3",
    "length": 0.5
  },
  {
    "offset": 149.0,
    "pitch": "B3",
    "length": 0.3333333333333333
  },
  {
    "offset": 149.0,
    "pitch": "C#4",
    "length": 0.3333333333333333
  },
  {
    "offset": 149.33333333333334,
    "pitch": "E-4",
    "length": 0.6666666666666666
  },
  {
    "offset": 150.0,
    "pitch": "F4",
    "length": 0.3333333333333333
  },
  {
    "offset": 150.33333333333334,
    "pitch": "F#4",
    "length": 0.6666666666666666
  },
  {
    "offset": 151.0,
    "pitch": "F#4",
    "length": 0.3333333333333333
  },
  {
    "offset": 151.0,
    "pitch": "F4",
    "length": 0.3333333333333333
  },
  {
    "offset": 151.33333333333334,
    "pitch": "F#4",
    "length": 0.3333333333333333
  },
  {
    "offset": 152.0,
    "pitch": "E-4",
    "length": 0.25
  },
  {
    "offset": 152.0,
    "pitch": "F4",
    "length": 0.25
  },
  {
    "offset": 152.5,
    "pitch": "E-4",
    "length": 0.25
  },
  {
    "offset": 153.0,
    "pitch": "C#4",
    "length": 0.75
  },
  {
    "offset": 153.66666666666666,
    "pitch": "E-4",
    "length": 0.3333333333333333
  },
  {
    "offset": 154.0,
    "pitch": "B3",
    "length": 0.6666666666666666
  },
  {
    "offset": 154.5,
    "pitch": "C#4",
    "length": 0.25
  },
  {
    "offset": 154.66666666666666,
    "pitch": "B3",
    "length": 0.3333333333333333
  },
  {
    "offset": 155.0,
    "pitch": "B-3",
    "length": 0.25
  },
  {
    "offset": 155.25,
    "pitch": "C#4",
    "length": 0.75
  },
  {
    "offset": 156.0,
    "pitch": "C#4",
    "length": 0.5
  },
  {
    "offset": 156.5,
    "pitch": "G#3",
    "length": 0.75
  },
  {
    "offset": 157.5,
    "pitch": "E-4",
    "length": 0.25
  },
  {
    "offset": 157.66666666666666,
    "pitch": "E-4",
    "length": 0.75
  },
  {
    "offset": 158.33333333333334,
    "pitch": "C#4",
    "length": 0.3333333333333333
  },
  {
    "offset": 159.0,
    "pitch": "E-4",
    "length": 0.25
  },
  {
    "offset": 159.25,
    "pitch": "F4",
    "length": 0.25
  },
  {
    "offset": 159.5,
    "pitch": "C#4",
    "length": 0.25
  },
  {
    "offset": 159.66666666666666,
    "pitch": "E-4",
    "length": 0.3333333333333333
  },
  {
    "offset": 160.0,
    "pitch": "E-4",
    "length": 0.3333333333333333
  },
  {
    "offset": 160.33333333333334,
    "pitch": "C#4",
    "length": 1.0
  },
  {
    "offset": 161.33333333333334,
    "pitch": "G#3",
    "length": 0.6666666666666666
  },
  {
    "offset": 162.0,
    "pitch": "C#4",
    "length": 0.5
  },
  {
    "offset": 162.5,
    "pitch": "C#4",
    "length": 0.5
  },
  {
    "offset": 163.0,
    "pitch": "G#3",
    "length": 0.5
  },
  {
    "offset": 163.5,
    "pitch": "C#4",
    "length": 0.25
  },
  {
    "offset": 163.66666666666666,
    "pitch": "E-4",
    "length": 0.3333333333333333
  },
  {
    "offset": 164.0,
    "pitch": "E-4",
    "length": 0.4166666666666667
  },
  {
    "offset": 164.5,
    "pitch": "C#4",
    "length": 1.0
  },
  {
    "offset": 180.33333333333334,
    "pitch": "F#4",
    "length": 0.3333333333333333
  },
  {
    "offset": 180.66666666666666,
    "pitch": "G#4",
    "length": 0.3333333333333333
  },
  {
    "offset": 181.0,
    "pitch": "E-4",
    "length": 0.5
  },
  {
    "offset": 181.25,
    "pitch": "F4",
    "length": 0.25
  },
  {
    "offset": 181.33333333333334,
    "pitch": "E-4",
    "length": 0.6666666666666666
  },
  {
    "offset": 182.0,
    "pitch": "C#4",
    "length": 0.3333333333333333
  },
  {
    "offset": 182.0,
    "pitch": "E-4",
    "length": 0.3333333333333333
  },
  {
    "offset": 182.33333333333334,
    "pitch": "C#4",
    "length": 0.3333333333333333
  },
  {
    "offset": 182.75,
    "pitch": "E-4",
    "length": 0.6666666666666666
  },
  {
    "offset": 183.25,
    "pitch": "C#4",
    "length": 0.5
  },
  {
    "offset": 183.5,
    "pitch": "E-4",
    "length": 0.25
  },
  {
    "offset": 183.5,
    "pitch": "C#4",
    "length": 0.25
  },
  {
    "offset": 184.0,
    "pitch": "E-4",
    "length": 0.5
  },
  {
    "offset": 184.5,
    "pitch": "C#4",
    "length": 0.3333333333333333
  },
  {
    "offset": 184.75,
    "pitch": "E-4",
    "length": 0.25
  },
  {
    "offset": 185.0,
    "pitch": "F4",
    "length": 0.3333333333333333
  },
  {
    "offset": 185.66666666666666,
    "pitch": "G#3",
    "length": 0.3333333333333333
  },
  {
    "offset": 186.0,
    "pitch": "E-4",
    "length": 0.5
  },
  {
    "offset": 186.0,
    "pitch": "C#4",
    "length": 0.5
  },
  {
    "offset": 186.33333333333334,
    "pitch": "E-4",
    "length": 0.6666666666666666
  },
  {
    "offset": 186.33333333333334,
    "pitch": "C#4",
    "length": 0.6666666666666666
  },
  {
    "offset": 187.0,
    "pitch": "E-4",
    "length": 0.5
  },
  {
    "offset": 187.25,
    "pitch": "C#4",
    "length": 0.5
  },
  {
    "offset": 187.5,
    "pitch": "E-4",
    "length": 0.5
  },
  {
    "offset": 187.66666666666666,
    "pitch": "C#4",
    "length": 0.3333333333333333
  },
  {
    "offset": 188.0,
    "pitch": "E-4",
    "length": 0.75
  },
  {
    "offset": 188.5,
    "pitch": "F4",
    "length": 0.25
  },
  {
    "offset": 188.5,
    "pitch": "E-4",
    "length": 0.25
  },
  {
    "offset": 189.0,
    "pitch": "F4",
    "length": 0.25
  },
  {
    "offset": 189.25,
    "pitch": "B-3",
    "length": 0.3333333333333333
  },
  {
    "offset": 189.66666666666666,
    "pitch": "G#3",
    "length": 0.3333333333333333
  },
  {
    "offset": 189.66666666666666,
    "pitch": "B3",
    "length": 0.3333333333333333
  },
  {
    "offset": 190.0,
    "pitch": "C#4",
    "length": 0.6666666666666666
  },
  {
    "offset": 190.66666666666666,
    "pitch": "C#4",
    "length": 0.75
  },
  {
    "offset": 191.5,
    "pitch": "B-3",
    "length": 0.25
  },
  {
    "offset": 191.66666666666666,
    "pitch": "G#3",
    "length": 0.3333333333333333
  },
  {
    "offset": 192.0,
    "pitch": "C#4",
    "length": 0.5
  },
  {
    "offset": 192.5,
    "pitch": "C#4",
    "length": 0.5
  },
  {
    "offset": 193.0,
    "pitch": "E-4",
    "length": 0.75
  },
  {
    "offset": 196.5,
    "pitch": "F#4",
    "length": 0.25
  },
  {
    "offset": 196.66666666666666,
    "pitch": "G#4",
    "length": 0.3333333333333333
  },
  {
    "offset": 197.0,
    "pitch": "E-4",
    "length": 0.3333333333333333
  },
  {
    "offset": 197.0,
    "pitch": "F4",
    "length": 0.3333333333333333
  },
  {
    "offset": 197.33333333333334,
    "pitch": "E-4",
    "length": 0.3333333333333333
  },
  {
    "offset": 197.75,
    "pitch": "C#4",
    "length": 0.6666666666666666
  },
  {
    "offset": 198.0,
    "pitch": "E-4",
    "length": 0.3333333333333333
  },
  {
    "offset": 198.33333333333334,
    "pitch": "C#4",
    "length": 0.6666666666666666
  },
  {
    "offset": 199.0,
    "pitch": "E-4",
    "length": 0.5
  },
  {
    "offset": 199.0,
    "pitch": "C#4",
    "length": 0.5
  },
  {
    "offset": 199.5,
    "pitch": "E-4",
    "length": 0.25
  },
  {
    "offset": 199.5,
    "pitch": "C#4",
    "length": 0.25
  },
  {
    "offset": 200.0,
    "pitch": "E-4",
    "length": 0.75
  },
  {
    "offset": 200.5,
    "pitch": "C#4",
    "length": 0.25
  },
  {
    "offset": 200.5,
    "pitch": "E-4",
    "length": 0.25
  },
  {
    "offset": 201.0,
    "pitch": "F4",
    "length": 0.5
  },
  {
    "offset": 201.33333333333334,
    "pitch": "G#3",
    "length": 0.6666666666666666
  },
  {
    "offset": 202.0,
    "pitch": "C#4",
    "length": 0.25
  },
  {
    "offset": 202.25,
    "pitch": "E-4",
    "length": 0.25
  },
  {
    "offset": 202.33333333333334,
    "pitch": "E-4",
    "length": 0.5
  },
  {
    "offset": 202.66666666666666,
    "pitch": "C#4",
    "length": 0.6666666666666666
  },
  {
    "offset": 203.0,
    "pitch": "E-4",
    "length": 0.25
  },
  {
    "offset": 203.25,
    "pitch": "C#4",
    "length": 0.25
  },
  {
    "offset": 203.5,
    "pitch": "C#4",
    "length": 0.25
  },
  {
    "offset": 204.0,
    "pitch": "G#4",
    "length": 0.5
  },
  {
    "offset": 204.5,
    "pitch": "F4",
    "length": 0.3333333333333333
  },
  {
    "offset": 204.75,
    "pitch": "C#4",
    "length": 0.25
  },
  {
    "offset": 205.25,
    "pitch": "C#4",
    "length": 0.25
  },
  {
    "offset": 205.5,
    "pitch": "C#4",
    "length": 0.25
  },
  {
    "offset": 205.66666666666666,
    "pitch": "E-4",
    "length": 0.3333333333333333
  },
  {
    "offset": 206.0,
    "pitch": "F4",
    "length": 0.25
  },
  {
    "offset": 206.5,
    "pitch": "F#4",
    "length": 0.25
  },
  {
    "offset": 206.5,
    "pitch": "E-4",
    "length": 0.25
  },
  {
    "offset": 207.0,
    "pitch": "F4",
    "length": 0.25
  },
  {
    "offset": 207.25,
    "pitch": "F#4",
    "length": 0.25
  },
  {
    "offset": 207.33333333333334,
    "pitch": "E-4",
    "length": 0.3333333333333333
  },
  {
    "offset": 207.66666666666666,
    "pitch": "F4",
    "length": 0.3333333333333333
  },
  {
    "offset": 208.0,
    "pitch": "F4",
    "length": 0.4166666666666667
  },
  {
    "offset": 208.33333333333334,
    "pitch": "E-4",
    "length": 0.6666666666666666
  },
  {
    "offset": 209.0,
    "pitch": "C#4",
    "length": 0.3333333333333333
  },
  {
    "offset": 209.0,
    "pitch": "B-3",
    "length": 0.3333333333333333
  },
  {
    "offset": 209.33333333333334,
    "pitch": "B-3",
    "length": 0.3333333333333333
  },
  {
    "offset": 209.75,
    "pitch": "C#4",
    "length": 2.25
  },
  {
    "offset": 212.0,
    "pitch": "C#4",
    "length": 0.4166666666666667
  },
  {
    "offset": 212.33333333333334,
    "pitch": "G#3",
    "length": 0.6666666666666666
  },
  {
    "offset": 213.0,
    "pitch": "B3",
    "length": 0.25
  },
  {
    "offset": 213.25,
    "pitch": "C#4",
    "length": 0.25
  },
  {
    "offset": 213.33333333333334,
    "pitch": "E-4",
    "length": 0.75
  },
  {
    "offset": 214.25,
    "pitch": "F4",
    "length": 0.25
  },
  {
    "offset": 214.5,
    "pitch": "F4",
    "length": 0.75
  },
  {
    "offset": 215.0,
    "pitch": "E-4",
    "length": 0.25
  },
  {
    "offset": 215.25,
    "pitch": "F4",
    "length": 0.75
  },
  {
    "offset": 216.0,
    "pitch": "E-4",
    "length": 0.25
  },
  {
    "offset": 216.25,
    "pitch": "F4",
    "length": 0.3333333333333333
  },
  {
    "offset": 216.5,
    "pitch": "E-4",
    "length": 0.25
  },
  {
    "offset": 217.0,
    "pitch": "C#4",
    "length": 0.5
  },
  {
    "offset": 217.33333333333334,
    "pitch": "C#4",
    "length": 0.3333333333333333
  },
  {
    "offset": 217.66666666666666,
    "pitch": "E-4",
    "length": 0.75
  },
  {
    "offset": 218.33333333333334,
    "pitch": "F4",
    "length": 1.5
  },
  {
    "offset": 220.5,
    "pitch": "G#3",
    "length": 0.5
  },
  {
    "offset": 221.0,
    "pitch": "B3",
    "length": 0.3333333333333333
  },
  {
    "offset": 221.0,
    "pitch": "C#4",
    "length": 0.3333333333333333
  },
  {
    "offset": 221.33333333333334,
    "pitch": "E-4",
    "length": 0.6666666666666666
  },
  {
    "offset": 222.0,
    "pitch": "E-4",
    "length": 0.25
  },
  {
    "offset": 222.0,
    "pitch": "F4",
    "length": 0.25
  },
  {
    "offset": 222.5,
    "pitch": "F#4",
    "length": 0.3333333333333333
  },
  {
    "offset": 222.75,
    "pitch": "E-4",
    "length": 0.25
  },
  {
    "offset": 223.0,
    "pitch": "F4",
    "length": 0.3333333333333333
  },
  {
    "offset": 223.33333333333334,
    "pitch": "F#4",
    "length": 0.3333333333333333
  },
  {
    "offset": 224.0,
    "pitch": "F4",
    "length": 0.5
  },
  {
    "offset": 224.5,
    "pitch": "E-4",
    "length": 1.0
  },
  {
    "offset": 224.75,
    "pitch": "C#4",
    "length": 0.25
  },
  {
    "offset": 225.5,
    "pitch": "E-4",
    "length": 0.75
  },
  {
    "offset": 226.25,
    "pitch": "B-3",
    "length": 0.25
  },
  {
    "offset": 226.5,
    "pitch": "G#3",
    "length": 0.75
  },
  {
    "offset": 228.33333333333334,
    "pitch": "G#3",
    "length": 0.6666666666666666
  },
  {
    "offset": 229.0,
    "pitch": "C#4",
    "length": 0.5
  },
  {
    "offset": 229.5,
    "pitch": "E-4",
    "length": 0.6666666666666666
  },
  {
    "offset": 230.0,
    "pitch": "F4",
    "length": 0.3333333333333333
  },
  {
    "offset": 230.33333333333334,
    "pitch": "F#4",
    "length": 0.3333333333333333
  },
  {
    "offset": 231.0,
    "pitch": "E-4",
    "length": 0.25
  },
  {
    "offset": 231.25,
    "pitch": "F4",
    "length": 0.25
  },
  {
    "offset": 231.33333333333334,
    "pitch": "F#4",
    "length": 0.3333333333333333
  },
  {
    "offset": 232.0,
    "pitch": "E-4",
    "length": 0.25
  },
  {
    "offset": 232.0,
    "pitch": "F4",
    "length": 0.25
  },
  {
    "offset": 232.5,
    "pitch": "E-4",
    "length": 0.25
  },
  {
    "offset": 233.0,
    "pitch": "C#4",
    "length": 0.5
  },
  {
    "offset": 233.5,
    "pitch": "C#4",
    "length": 0.25
  },
  {
    "offset": 233.66666666666666,
    "pitch": "E-4",
    "length": 0.75
  },
  {
    "offset": 234.5,
    "pitch": "E-4",
    "length": 0.25
  },
  {
    "offset": 234.66666666666666,
    "pitch": "F4",
    "length": 0.75
  },
  {
    "offset": 235.5,
    "pitch": "B-3",
    "length": 0.5
  },
  {
    "offset": 236.0,
    "pitch": "B-3",
    "length": 0.5
  },
  {
    "offset": 236.5,
    "pitch": "C#4",
    "length": 0.5
  },
  {
    "offset": 237.0,
    "pitch": "C#4",
    "length": 0.5
  },
  {
    "offset": 237.33333333333334,
    "pitch": "B-3",
    "length": 0.3333333333333333
  },
  {
    "offset": 237.66666666666666,
    "pitch": "C4",
    "length": 0.75
  },
  {
    "offset": 238.5,
    "pitch": "G#3",
    "length": 0.5
  },
  {
    "offset": 239.0,
    "pitch": "C4",
    "length": 1.0
  },
  {
    "offset": 239.66666666666666,
    "pitch": "B-3",
    "length": 0.3333333333333333
  },
  {
    "offset": 240.0,
    "pitch": "C4",
    "length": 0.5
  },
  {
    "offset": 240.33333333333334,
    "pitch": "G#3",
    "length": 0.3333333333333333
  },
  {
    "offset": 240.66666666666666,
    "pitch": "B-3",
    "length": 0.5
  },
  {
    "offset": 241.25,
    "pitch": "G#3",
    "length": 0.3333333333333333
  },
  {
    "offset": 241.5,
    "pitch": "G#3",
    "length": 2.5
  },
  {
    "offset": 244.0,
    "pitch": "G#3",
    "length": 0.25
  },
  {
    "offset": 244.5,
    "pitch": "E-4",
    "length": 0.25
  },
  {
    "offset": 244.5,
    "pitch": "F4",
    "length": 0.25
  },
  {
    "offset": 245.0,
    "pitch": "E-4",
    "length": 0.5
  },
  {
    "offset": 245.5,
    "pitch": "C#4",
    "length": 0.5
  },
  {
    "offset": 245.75,
    "pitch": "G3",
    "length": 0.25
  },
  {
    "offset": 246.0,
    "pitch": "C#4",
    "length": 0.3333333333333333
  },
  {
    "offset": 246.0,
    "pitch": "E-4",
    "length": 0.3333333333333333
  },
  {
    "offset": 246.33333333333334,
    "pitch": "C#4",
    "length": 0.6666666666666666
  },
  {
    "offset": 247.0,
    "pitch": "C#4",
    "length": 0.25
  },
  {
    "offset": 247.0,
    "pitch": "E-4",
    "length": 0.25
  },
  {
    "offset": 247.5,
    "pitch": "B-3",
    "length": 0.5
  },
  {
    "offset": 248.0,
    "pitch": "C#4",
    "length": 0.25
  },
  {
    "offset": 248.0,
    "pitch": "E-4",
    "length": 0.25
  },
  {
    "offset": 248.5,
    "pitch": "C#4",
    "length": 0.5
  },
  {
    "offset": 249.0,
    "pitch": "E-4",
    "length": 0.5
  },
  {
    "offset": 249.33333333333334,
    "pitch": "E-4",
    "length": 0.3333333333333333
  },
  {
    "offset": 249.66666666666666,
    "pitch": "F4",
    "length": 0.6666666666666666
  },
  {
    "offset": 250.5,
    "pitch": "B-3",
    "length": 1.25
  },
  {
    "offset": 252.25,
    "pitch": "E-4",
    "length": 0.6666666666666666
  },
  {
    "offset": 252.66666666666666,
    "pitch": "F4",
    "length": 0.3333333333333333
  },
  {
    "offset": 253.0,
    "pitch": "E-4",
    "length": 0.5
  },
  {
    "offset": 253.5,
    "pitch": "C#4",
    "length": 0.5
  },
  {
    "offset": 254.0,
    "pitch": "C#4",
    "length": 0.5
  },
  {
    "offset": 254.0,
    "pitch": "E-4",
    "length": 0.75
  },
  {
    "offset": 254.33333333333334,
    "pitch": "C#4",
    "length": 0.3333333333333333
  },
  {
    "offset": 255.0,
    "pitch": "E-4",
    "length": 0.5
  },
  {
    "offset": 255.5,
    "pitch": "B3",
    "length": 0.5
  },
  {
    "offset": 256.0,
    "pitch": "C#4",
    "length": 0.5
  },
  {
    "offset": 256.5,
    "pitch": "C#4",
    "length": 0.5
  },
  {
    "offset": 257.0,
    "pitch": "E-4",
    "length": 0.75
  },
  {
    "offset": 257.3333333333333,
    "pitch": "E4",
    "length": 0.3333333333333333
  },
  {
    "offset": 257.6666666666667,
    "pitch": "E-4",
    "length": 0.3333333333333333
  },
  {
    "offset": 258.0,
    "pitch": "C#4",
    "length": 2.0
  },
  {
    "offset": 260.0,
    "pitch": "C#4",
    "length": 0.25
  },
  {
    "offset": 260.5,
    "pitch": "E4",
    "length": 0.5
  },
  {
    "offset": 261.0,
    "pitch": "E-4",
    "length": 0.25
  },
  {
    "offset": 261.25,
    "pitch": "C#4",
    "length": 1.25
  },
  {
    "offset": 262.3333333333333,
    "pitch": "C#4",
    "length": 0.6666666666666666
  },
  {
    "offset": 263.0,
    "pitch": "C#4",
    "length": 0.3333333333333333
  },
  {
    "offset": 263.0,
    "pitch": "E-4",
    "length": 0.3333333333333333
  },
  {
    "offset": 263.3333333333333,
    "pitch": "C#4",
    "length": 0.6666666666666666
  },
  {
    "offset": 264.0,
    "pitch": "E-4",
    "length": 0.5
  },
  {
    "offset": 264.3333333333333,
    "pitch": "C#4",
    "length": 0.3333333333333333
  },
  {
    "offset": 265.0,
    "pitch": "E-4",
    "length": 0.5
  },
  {
    "offset": 265.5,
    "pitch": "C#4",
    "length": 0.5
  },
  {
    "offset": 266.0,
    "pitch": "F4",
    "length": 0.6666666666666666
  },
  {
    "offset": 266.6666666666667,
    "pitch": "F#4",
    "length": 0.3333333333333333
  },
  {
    "offset": 267.0,
    "pitch": "G#4",
    "length": 0.5
  },
  {
    "offset": 267.3333333333333,
    "pitch": "E-4",
    "length": 0.3333333333333333
  },
  {
    "offset": 267.6666666666667,
    "pitch": "F4",
    "length": 0.3333333333333333
  },
  {
    "offset": 268.0,
    "pitch": "F4",
    "length": 0.4166666666666667
  },
  {
    "offset": 268.3333333333333,
    "pitch": "G#4",
    "length": 0.3333333333333333
  },
  {
    "offset": 269.0,
    "pitch": "C#4",
    "length": 0.5
  },
  {
    "offset": 269.5,
    "pitch": "E-4",
    "length": 1.0
  },
  {
    "offset": 270.5,
    "pitch": "F#4",
    "length": 0.5
  },
  {
    "offset": 271.0,
    "pitch": "E-4",
    "length": 0.3333333333333333
  },
  {
    "offset": 271.0,
    "pitch": "F4",
    "length": 0.3333333333333333
  },
  {
    "offset": 271.3333333333333,
    "pitch": "F#4",
    "length": 0.5
  },
  {
    "offset": 271.75,
    "pitch": "E-4",
    "length": 0.25
  },
  {
    "offset": 272.0,
    "pitch": "F4",
    "length": 0.5
  },
  {
    "offset": 272.5,
    "pitch": "E-4",
    "length": 0.3333333333333333
  },
  {
    "offset": 272.75,
    "pitch": "C#4",
    "length": 0.6666666666666666
  },
  {
    "offset": 273.3333333333333,
    "pitch": "C#4",
    "length": 0.3333333333333333
  },
  {
    "offset": 273.6666666666667,
    "pitch": "E-4",
    "length": 0.75
  },
  {
    "offset": 274.3333333333333,
    "pitch": "B-3",
    "length": 1.6666666666666667
  },
  {
    "offset": 276.0,
    "pitch": "B-3",
    "length": 0.3333333333333333
  },
  {
    "offset": 276.5,
    "pitch": "G#3",
    "length": 0.5
  },
  {
    "offset": 277.0,
    "pitch": "C#4",
    "length": 0.6666666666666666
  },
  {
    "offset": 277.6666666666667,
    "pitch": "E-4",
    "length": 0.75
  },
  {
    "offset": 278.3333333333333,
    "pitch": "C#4",
    "length": 0.6666666666666666
  },
  {
    "offset": 279.0,
    "pitch": "C#4",
    "length": 0.25
  },
  {
    "offset": 279.0,
    "pitch": "C#4",
    "length": 0.75
  },
  {
    "offset": 280.0,
    "pitch": "C#4",
    "length": 0.3333333333333333
  },
  {
    "offset": 280.0,
    "pitch": "E-4",
    "length": 0.3333333333333333
  },
  {
    "offset": 280.3333333333333,
    "pitch": "C#4",
    "length": 0.6666666666666666
  },
  {
    "offset": 281.0,
    "pitch": "C#4",
    "length": 0.3333333333333333
  },
  {
    "offset": 281.0,
    "pitch": "E-4",
    "length": 0.3333333333333333
  },
  {
    "offset": 281.3333333333333,
    "pitch": "C#4",
    "length": 0.6666666666666666
  },
  {
    "offset": 282.0,
    "pitch": "E-4",
    "length": 0.3333333333333333
  },
  {
    "offset": 282.0,
    "pitch": "F4",
    "length": 0.6666666666666666
  },
  {
    "offset": 282.6666666666667,
    "pitch": "G#4",
    "length": 0.5
  },
  {
    "offset": 283.5,
    "pitch": "E-4",
    "length": 0.25
  },
  {
    "offset": 283.6666666666667,
    "pitch": "F4",
    "length": 0.3333333333333333
  },
  {
    "offset": 284.0,
    "pitch": "F4",
    "length": 0.3333333333333333
  },
  {
    "offset": 284.5,
    "pitch": "G#3",
    "length": 0.25
  },
  {
    "offset": 285.0,
    "pitch": "C#4",
    "length": 0.5
  },
  {
    "offset": 285.3333333333333,
    "pitch": "F#4",
    "length": 0.3333333333333333
  },
  {
    "offset": 285.6666666666667,
    "pitch": "G#4",
    "length": 0.6666666666666666
  },
  {
    "offset": 286.3333333333333,
    "pitch": "A4",
    "length": 0.3333333333333333
  },
  {
    "offset": 287.0,
    "pitch": "F4",
    "length": 0.5
  },
  {
    "offset": 287.3333333333333,
    "pitch": "F4",
    "length": 0.3333333333333333
  },
  {
    "offset": 287.6666666666667,
    "pitch": "E-4",
    "length": 0.3333333333333333
  },
  {
    "offset": 288.0,
    "pitch": "E-4",
    "length": 0.4166666666666667
  },
  {
    "offset": 288.5,
    "pitch": "C#4",
    "length": 0.5
  },
  {
    "offset": 289.0,
    "pitch": "E-4",
    "length": 0.3333333333333333
  },
  {
    "offset": 289.0,
    "pitch": "F4",
    "length": 1.0
  },
  {
    "offset": 290.3333333333333,
    "pitch": "F#4",
    "length": 0.3333333333333333
  },
  {
    "offset": 290.6666666666667,
    "pitch": "E-4",
    "length": 0.3333333333333333
  },
  {
    "offset": 291.0,
    "pitch": "F4",
    "length": 1.0
  },
  {
    "offset": 292.0,
    "pitch": "F#4",
    "length": 0.5
  },
  {
    "offset": 292.5,
    "pitch": "F4",
    "length": 0.5
  },
  {
    "offset": 293.0,
    "pitch": "C#4",
    "length": 0.5
  },
  {
    "offset": 293.3333333333333,
    "pitch": "C#4",
    "length": 0.3333333333333333
  },
  {
    "offset": 294.0,
    "pitch": "E-4",
    "length": 0.75
  },
  {
    "offset": 294.3333333333333,
    "pitch": "F4",
    "length": 0.3333333333333333
  },
  {
    "offset": 294.6666666666667,
    "pitch": "E-4",
    "length": 1.0
  },
  {
    "offset": 295.5,
    "pitch": "C#4",
    "length": 0.25
  },
  {
    "offset": 295.6666666666667,
    "pitch": "E-4",
    "length": 0.3333333333333333
  },
  {
    "offset": 296.0,
    "pitch": "E-4",
    "length": 0.4166666666666667
  },
  {
    "offset": 296.3333333333333,
    "pitch": "E-4",
    "length": 0.3333333333333333
  },
  {
    "offset": 296.3333333333333,
    "pitch": "F4",
    "length": 0.3333333333333333
  },
  {
    "offset": 297.0,
    "pitch": "E-4",
    "length": 0.5
  },
  {
    "offset": 297.3333333333333,
    "pitch": "C#4",
    "length": 0.3333333333333333
  },
  {
    "offset": 297.6666666666667,
    "pitch": "C#4",
    "length": 2.3333333333333335
  },
  {
    "offset": 300.0,
    "pitch": "F#4",
    "length": 0.25
  },
  {
    "offset": 300.0,
    "pitch": "G#4",
    "length": 0.25
  },
  {
    "offset": 300.5,
    "pitch": "F4",
    "length": 0.5
  },
  {
    "offset": 301.0,
    "pitch": "C#4",
    "length": 0.3333333333333333
  },
  {
    "offset": 301.0,
    "pitch": "E-4",
    "length": 0.3333333333333333
  },
  {
    "offset": 301.3333333333333,
    "pitch": "C#4",
    "length": 0.3333333333333333
  },
  {
    "offset": 302.0,
    "pitch": "E-4",
    "length": 0.5
  },
  {
    "offset": 302.3333333333333,
    "pitch": "F4",
    "length": 0.5
  },
  {
    "offset": 302.75,
    "pitch": "E-4",
    "length": 0.25
  },
  {
    "offset": 303.25,
    "pitch": "C#4",
    "length": 0.6666666666666666
  },
  {
    "offset": 303.75,
    "pitch": "C#4",
    "length": 0.25
  },
  {
    "offset": 304.25,
    "pitch": "E-4",
    "length": 0.5
  },
  {
    "offset": 304.5,
    "pitch": "F4",
    "length": 0.25
  },
  {
    "offset": 304.6666666666667,
    "pitch": "E-4",
    "length": 0.3333333333333333
  },
  {
    "offset": 305.0,
    "pitch": "C#4",
    "length": 0.25
  },
  {
    "offset": 305.5,
    "pitch": "C#4",
    "length": 0.25
  },
  {
    "offset": 305.5,
    "pitch": "E-4",
    "length": 0.25
  },
  {
    "offset": 306.0,
    "pitch": "C#4",
    "length": 2.0
  },
  {
    "offset": 308.0,
    "pitch": "F#4",
    "length": 0.5
  },
  {
    "offset": 308.5,
    "pitch": "F4",
    "length": 0.3333333333333333
  },
  {
    "offset": 308.75,
    "pitch": "E-4",
    "length": 0.6666666666666666
  },
  {
    "offset": 309.3333333333333,
    "pitch": "C#4",
    "length": 0.6666666666666666
  },
  {
    "offset": 310.0,
    "pitch": "C#4",
    "length": 0.25
  },
  {
    "offset": 310.25,
    "pitch": "E-4",
    "length": 0.5
  },
  {
    "offset": 310.3333333333333,
    "pitch": "F4",
    "length": 0.3333333333333333
  },
  {
    "offset": 310.6666666666667,
    "pitch": "E-4",
    "length": 1.0
  },
  {
    "offset": 311.3333333333333,
    "pitch": "C#4",
    "length": 0.3333333333333333
  },
  {
    "offset": 311.6666666666667,
    "pitch": "E-4",
    "length": 0.3333333333333333
  },
  {
    "offset": 312.0,
    "pitch": "E-4",
    "length": 0.4166666666666667
  },
  {
    "offset": 312.5,
    "pitch": "F4",
    "length": 0.5
  },
  {
    "offset": 313.0,
    "pitch": "C#4",
    "length": 0.5
  },
  {
    "offset": 313.5,
    "pitch": "C#4",
    "length": 1.0
  },
  {
    "offset": 314.3333333333333,
    "pitch": "F4",
    "length": 1.0
  },
  {
    "offset": 315.3333333333333,
    "pitch": "C#4",
    "length": 0.3333333333333333
  },
  {
    "offset": 315.6666666666667,
    "pitch": "E-4",
    "length": 0.3333333333333333
  },
  {
    "offset": 316.0,
    "pitch": "E-4",
    "length": 0.4166666666666667
  },
  {
    "offset": 316.5,
    "pitch": "C#4",
    "length": 0.5
  },
  {
    "offset": 317.5,
    "pitch": "C#4",
    "length": 0.5
  },
  {
    "offset": 318.0,
    "pitch": "C#4",
    "length": 0.25
  },
  {
    "offset": 318.0,
    "pitch": "E-4",
    "length": 1.25
  },
  {
    "offset": 319.5,
    "pitch": "G#3",
    "length": 0.3333333333333333
  },
  {
    "offset": 319.75,
    "pitch": "E-4",
    "length": 0.25
  },
  {
    "offset": 320.0,
    "pitch": "F4",
    "length": 0.3333333333333333
  },
  {
    "offset": 320.6666666666667,
    "pitch": "C#4",
    "length": 0.6666666666666666
  },
  {
    "offset": 321.25,
    "pitch": "C#4",
    "length": 0.25
  },
  {
    "offset": 321.5,
    "pitch": "E-4",
    "length": 0.3333333333333333
  },
  {
    "offset": 321.75,
    "pitch": "C#4",
    "length": 2.25
  },
  {
    "offset": 324.0,
    "pitch": "C#4",
    "length": 0.5
  },
  {
    "offset": 324.5,
    "pitch": "C#4",
    "length": 0.5
  },
  {
    "offset": 325.0,
    "pitch": "G#4",
    "length": 0.5
  },
  {
    "offset": 325.5,
    "pitch": "G#4",
    "length": 0.25
  },
  {
    "offset": 325.6666666666667,
    "pitch": "B-4",
    "length": 0.3333333333333333
  },
  {
    "offset": 326.0,
    "pitch": "F4",
    "length": 0.5
  },
  {
    "offset": 326.5,
    "pitch": "F4",
    "length": 0.5
  },
  {
    "offset": 327.0,
    "pitch": "F#4",
    "length": 0.5
  },
  {
    "offset": 327.5,
    "pitch": "F4",
    "length": 0.5
  },
  {
    "offset": 328.0,
    "pitch": "G#4",
    "length": 0.5
  },
  {
    "offset": 328.5,
    "pitch": "F4",
    "length": 0.5
  },
  {
    "offset": 329.0,
    "pitch": "B-4",
    "length": 0.5
  },
  {
    "offset": 329.3333333333333,
    "pitch": "F4",
    "length": 0.3333333333333333
  },
  {
    "offset": 329.3333333333333,
    "pitch": "E-4",
    "length": 0.3333333333333333
  },
  {
    "offset": 329.75,
    "pitch": "C#4",
    "length": 2.25
  },
  {
    "offset": 332.0,
    "pitch": "C#4",
    "length": 0.25
  },
  {
    "offset": 332.5,
    "pitch": "C#4",
    "length": 0.5
  },
  {
    "offset": 333.0,
    "pitch": "C#4",
    "length": 0.25
  },
  {
    "offset": 333.25,
    "pitch": "E-4",
    "length": 0.25
  },
  {
    "offset": 333.3333333333333,
    "pitch": "F4",
    "length": 0.3333333333333333
  },
  {
    "offset": 334.0,
    "pitch": "F#4",
    "length": 0.5
  },
  {
    "offset": 334.5,
    "pitch": "F4",
    "length": 0.25
  },
  {
    "offset": 334.6666666666667,
    "pitch": "C#4",
    "length": 0.6666666666666666
  },
  {
    "offset": 335.25,
    "pitch": "G#3",
    "length": 0.75
  },
  {
    "offset": 336.0,
    "pitch": "C#4",
    "length": 0.3333333333333333
  },
  {
    "offset": 336.0,
    "pitch": "E-4",
    "length": 0.3333333333333333
  },
  {
    "offset": 336.3333333333333,
    "pitch": "C#4",
    "length": 0.75
  },
  {
    "offset": 337.25,
    "pitch": "E-4",
    "length": 0.3333333333333333
  },
  {
    "offset": 337.5,
    "pitch": "F4",
    "length": 1.0
  },
  {
    "offset": 340.3333333333333,
    "pitch": "C#4",
    "length": 0.3333333333333333
  },
  {
    "offset": 341.0,
    "pitch": "G#4",
    "length": 0.5
  },
  {
    "offset": 341.3333333333333,
    "pitch": "G#4",
    "length": 0.3333333333333333
  },
  {
    "offset": 341.6666666666667,
    "pitch": "B-4",
    "length": 0.3333333333333333
  },
  {
    "offset": 342.0,
    "pitch": "F4",
    "length": 0.5
  },
  {
    "offset": 342.5,
    "pitch": "F4",
    "length": 0.5
  },
  {
    "offset": 343.0,
    "pitch": "G#4",
    "length": 0.5
  },
  {
    "offset": 343.5,
    "pitch": "F4",
    "length": 0.5
  },
  {
    "offset": 344.0,
    "pitch": "G#4",
    "length": 0.5
  },
  {
    "offset": 344.3333333333333,
    "pitch": "F4",
    "length": 0.3333333333333333
  },
  {
    "offset": 345.0,
    "pitch": "C#5",
    "length": 0.25
  },
  {
    "offset": 345.0,
    "pitch": "E-5",
    "length": 0.25
  },
  {
    "offset": 345.5,
    "pitch": "C#5",
    "length": 0.5
  },
  {
    "offset": 346.0,
    "pitch": "C#5",
    "length": 2.0
  },
  {
    "offset": 348.0,
    "pitch": "C#5",
    "length": 0.3333333333333333
  },
  {
    "offset": 348.3333333333333,
    "pitch": "F4",
    "length": 0.6666666666666666
  },
  {
    "offset": 349.0,
    "pitch": "G#4",
    "length": 0.5
  },
  {
    "offset": 349.5,
    "pitch": "G#4",
    "length": 0.25
  },
  {
    "offset": 349.6666666666667,
    "pitch": "B-4",
    "length": 0.3333333333333333
  },
  {
    "offset": 350.0,
    "pitch": "F4",
    "length": 1.5
  },
  {
    "offset": 351.0,
    "pitch": "G#4",
    "length": 0.25
  },
  {
    "offset": 351.5,
    "pitch": "F4",
    "length": 0.25
  },
  {
    "offset": 352.0,
    "pitch": "F#4",
    "length": 0.5
  },
  {
    "offset": 352.3333333333333,
    "pitch": "F4",
    "length": 0.3333333333333333
  },
  {
    "offset": 353.0,
    "pitch": "B-4",
    "length": 0.5
  },
  {
    "offset": 353.3333333333333,
    "pitch": "E-4",
    "length": 0.5
  },
  {
    "offset": 353.6666666666667,
    "pitch": "F4",
    "length": 0.3333333333333333
  },
  {
    "offset": 354.0,
    "pitch": "E-4",
    "length": 2.0
  },
  {
    "offset": 356.0,
    "pitch": "E-4",
    "length": 0.5
  },
  {
    "offset": 356.5,
    "pitch": "G#3",
    "length": 0.5
  },
  {
    "offset": 357.0,
    "pitch": "C#4",
    "length": 0.5
  },
  {
    "offset": 357.3333333333333,
    "pitch": "E-4",
    "length": 0.3333333333333333
  },
  {
    "offset": 358.0,
    "pitch": "C#4",
    "length": 0.5
  },
  {
    "offset": 358.25,
    "pitch": "E-4",
    "length": 0.3333333333333333
  },
  {
    "offset": 358.25,
    "pitch": "C#4",
    "length": 0.3333333333333333
  },
  {
    "offset": 358.6666666666667,
    "pitch": "E-4",
    "length": 0.75
  },
  {
    "offset": 359.0,
    "pitch": "C#4",
    "length": 0.25
  },
  {
    "offset": 359.5,
    "pitch": "E-4",
    "length": 0.5
  },
  {
    "offset": 360.0,
    "pitch": "E-4",
    "length": 0.75
  },
  {
    "offset": 360.3333333333333,
    "pitch": "C#4",
    "length": 0.3333333333333333
  },
  {
    "offset": 360.6666666666667,
    "pitch": "E-4",
    "length": 0.5
  },
  {
    "offset": 361.25,
    "pitch": "F4",
    "length": 0.25
  },
  {
    "offset": 361.5,
    "pitch": "F4",
    "length": 0.75
  },
  {
    "offset": 362.5,
    "pitch": "E-4",
    "length": 0.5
  },
  {
    "offset": 363.0,
    "pitch": "E-4",
    "length": 0.25
  },
  {
    "offset": 363.25,
    "pitch": "C#4",
    "length": 0.25
  },
  {
    "offset": 363.3333333333333,
    "pitch": "C#4",
    "length": 0.6666666666666666
  },
  {
    "offset": 364.0,
    "pitch": "E-4",
    "length": 0.5
  },
  {
    "offset": 364.0,
    "pitch": "C#4",
    "length": 0.08333333333333333
  },
  {
    "offset": 364.25,
    "pitch": "C#4",
    "length": 0.25
  },
  {
    "offset": 364.3333333333333,
    "pitch": "E-4",
    "length": 0.3333333333333333
  },
  {
    "offset": 365.0,
    "pitch": "F4",
    "length": 0.25
  },
  {
    "offset": 365.25,
    "pitch": "B-3",
    "length": 0.25
  },
  {
    "offset": 365.5,
    "pitch": "C#4",
    "length": 1.0
  },
  {
    "offset": 366.25,
    "pitch": "B-3",
    "length": 0.5
  },
  {
    "offset": 366.5,
    "pitch": "C#4",
    "length": 0.5
  },
  {
    "offset": 366.6666666666667,
    "pitch": "B-3",
    "length": 0.5
  },
  {
    "offset": 367.0,
    "pitch": "C#4",
    "length": 0.5
  },
  {
    "offset": 367.25,
    "pitch": "B-3",
    "length": 0.5
  },
  {
    "offset": 367.5,
    "pitch": "C#4",
    "length": 0.25
  },
  {
    "offset": 367.6666666666667,
    "pitch": "B-3",
    "length": 0.3333333333333333
  },
  {
    "offset": 368.0,
    "pitch": "B-3",
    "length": 0.3333333333333333
  },
  {
    "offset": 368.25,
    "pitch": "B-3",
    "length": 0.25
  },
  {
    "offset": 368.3333333333333,
    "pitch": "C#4",
    "length": 0.5
  },
  {
    "offset": 368.6666666666667,
    "pitch": "E-4",
    "length": 0.5
  },
  {
    "offset": 369.0,
    "pitch": "C#4",
    "length": 0.25
  },
  {
    "offset": 369.0,
    "pitch": "E-4",
    "length": 1.0
  },
  {
    "offset": 370.25,
    "pitch": "G#3",
    "length": 0.25
  },
  {
    "offset": 370.3333333333333,
    "pitch": "C#4",
    "length": 0.5
  },
  {
    "offset": 370.6666666666667,
    "pitch": "B-3",
    "length": 0.6666666666666666
  },
  {
    "offset": 371.0,
    "pitch": "C#4",
    "length": 0.5
  },
  {
    "offset": 371.25,
    "pitch": "B-3",
    "length": 0.3333333333333333
  },
  {
    "offset": 371.3333333333333,
    "pitch": "C#4",
    "length": 0.6666666666666666
  },
  {
    "offset": 371.3333333333333,
    "pitch": "B-3",
    "length": 0.6666666666666666
  },
  {
    "offset": 372.0,
    "pitch": "C#4",
    "length": 0.3333333333333333
  },
  {
    "offset": 372.0,
    "pitch": "B-3",
    "length": 0.3333333333333333
  },
  {
    "offset": 372.3333333333333,
    "pitch": "C#4",
    "length": 0.3333333333333333
  },
  {
    "offset": 372.6666666666667,
    "pitch": "E-4",
    "length": 0.3333333333333333
  },
  {
    "offset": 373.0,
    "pitch": "E-4",
    "length": 0.5
  },
  {
    "offset": 373.5,
    "pitch": "G#3",
    "length": 0.5
  },
  {
    "offset": 374.0,
    "pitch": "C#4",
    "length": 0.5
  },
  {
    "offset": 374.25,
    "pitch": "B-3",
    "length": 0.3333333333333333
  },
  {
    "offset": 374.3333333333333,
    "pitch": "C#4",
    "length": 0.6666666666666666
  },
  {
    "offset": 374.3333333333333,
    "pitch": "B-3",
    "length": 0.6666666666666666
  },
  {
    "offset": 375.0,
    "pitch": "C#4",
    "length": 0.5
  },
  {
    "offset": 375.25,
    "pitch": "B-3",
    "length": 0.5
  },
  {
    "offset": 375.3333333333333,
    "pitch": "C#4",
    "length": 0.5
  },
  {
    "offset": 375.6666666666667,
    "pitch": "B-3",
    "length": 0.3333333333333333
  },
  {
    "offset": 376.0,
    "pitch": "C#4",
    "length": 0.3333333333333333
  },
  {
    "offset": 376.0,
    "pitch": "B-3",
    "length": 0.3333333333333333
  },
  {
    "offset": 376.0,
    "pitch": "B-3",
    "length": 0.16666666666666666
  },
  {
    "offset": 376.3333333333333,
    "pitch": "C#4",
    "length": 0.3333333333333333
  },
  {
    "offset": 376.6666666666667,
    "pitch": "E-4",
    "length": 0.3333333333333333
  },
  {
    "offset": 377.0,
    "pitch": "E-4",
    "length": 0.25
  },
  {
    "offset": 377.25,
    "pitch": "C#4",
    "length": 0.75
  },
  {
    "offset": 378.0,
    "pitch": "G#3",
    "length": 0.25
  },
  {
    "offset": 378.5,
    "pitch": "C#4",
    "length": 0.5
  },
  {
    "offset": 379.0,
    "pitch": "E-4",
    "length": 0.3333333333333333
  },
  {
    "offset": 379.0,
    "pitch": "F4",
    "length": 0.3333333333333333
  },
  {
    "offset": 379.3333333333333,
    "pitch": "E-4",
    "length": 0.6666666666666666
  },
  {
    "offset": 380.0,
    "pitch": "E-4",
    "length": 0.3333333333333333
  },
  {
    "offset": 380.5,
    "pitch": "C#4",
    "length": 0.5
  },
  {
    "offset": 381.0,
    "pitch": "G#4",
    "length": 0.5
  },
  {
    "offset": 381.3333333333333,
    "pitch": "E-4",
    "length": 0.3333333333333333
  },
  {
    "offset": 381.6666666666667,
    "pitch": "F4",
    "length": 0.75
  },
  {
    "offset": 382.5,
    "pitch": "C#4",
    "length": 0.5
  },
  {
    "offset": 383.0,
    "pitch": "C#4",
    "length": 0.3333333333333333
  },
  {
    "offset": 383.0,
    "pitch": "E-4",
    "length": 0.3333333333333333
  },
  {
    "offset": 383.3333333333333,
    "pitch": "C#4",
    "length": 0.6666666666666666
  },
  {
    "offset": 384.0,
    "pitch": "E-4",
    "length": 0.3333333333333333
  },
  {
    "offset": 384.25,
    "pitch": "C#4",
    "length": 0.75
  },
  {
    "offset": 385.0,
    "pitch": "F#4",
    "length": 0.5
  },
  {
    "offset": 385.5,
    "pitch": "E-4",
    "length": 0.25
  },
  {
    "offset": 385.6666666666667,
    "pitch": "F4",
    "length": 2.3333333333333335
  },
  {
    "offset": 388.0,
    "pitch": "F4",
    "length": 0.3333333333333333
  },
  {
    "offset": 388.25,
    "pitch": "G#3",
    "length": 0.75
  },
  {
    "offset": 389.0,
    "pitch": "C#4",
    "length": 0.5
  },
  {
    "offset": 389.3333333333333,
    "pitch": "E-4",
    "length": 0.6666666666666666
  },
  {
    "offset": 390.0,
    "pitch": "F4",
    "length": 0.5
  },
  {
    "offset": 390.5,
    "pitch": "E-4",
    "length": 0.6666666666666666
  },
  {
    "offset": 391.0,
    "pitch": "F4",
    "length": 0.3333333333333333
  },
  {
    "offset": 391.0,
    "pitch": "E-4",
    "length": 0.3333333333333333
  },
  {
    "offset": 391.3333333333333,
    "pitch": "F4",
    "length": 0.3333333333333333
  },
  {
    "offset": 391.3333333333333,
    "pitch": "C#4",
    "length": 0.3333333333333333
  },
  {
    "offset": 392.0,
    "pitch": "E-4",
    "length": 0.25
  },
  {
    "offset": 392.0,
    "pitch": "F4",
    "length": 0.25
  },
  {
    "offset": 392.5,
    "pitch": "E-4",
    "length": 0.5
  },
  {
    "offset": 393.0,
    "pitch": "E-4",
    "length": 0.3333333333333333
  },
  {
    "offset": 393.25,
    "pitch": "E-4",
    "length": 0.25
  },
  {
    "offset": 393.3333333333333,
    "pitch": "F4",
    "length": 0.75
  },
  {
    "offset": 394.25,
    "pitch": "E-4",
    "length": 0.5
  },
  {
    "offset": 394.6666666666667,
    "pitch": "C#4",
    "length": 0.5
  },
  {
    "offset": 395.25,
    "pitch": "C#4",
    "length": 0.5
  },
  {
    "offset": 395.6666666666667,
    "pitch": "C#4",
    "length": 0.3333333333333333
  },
  {
    "offset": 395.75,
    "pitch": "E-4",
    "length": 0.25
  },
  {
    "offset": 396.0,
    "pitch": "E-4",
    "length": 0.4166666666666667
  },
  {
    "offset": 396.0,
    "pitch": "C#4",
    "length": 0.16666666666666666
  },
  {
    "offset": 396.25,
    "pitch": "C#4",
    "length": 0.5
  },
  {
    "offset": 396.5,
    "pitch": "E-4",
    "length": 0.25
  },
  {
    "offset": 396.5,
    "pitch": "C#4",
    "length": 0.25
  },
  {
    "offset": 397.0,
    "pitch": "F4",
    "length": 0.25
  },
  {
    "offset": 397.25,
    "pitch": "B-3",
    "length": 0.3333333333333333
  },
  {
    "offset": 397.5,
    "pitch": "C#4",
    "length": 1.0
  },
  {
    "offset": 398.5,
    "pitch": "C#4",
    "length": 0.5
  },
  {
    "offset": 399.0,
    "pitch": "C#4",
    "length": 0.5
  },
  {
    "offset": 399.5,
    "pitch": "C#4",
    "length": 0.5
  },
  {
    "offset": 399.5,
    "pitch": "B-3",
    "length": 0.5
  },
  {
    "offset": 400.0,
    "pitch": "C#4",
    "length": 0.5
  },
  {
    "offset": 400.0,
    "pitch": "B-3",
    "length": 0.5
  },
  {
    "offset": 400.3333333333333,
    "pitch": "C#4",
    "length": 0.3333333333333333
  },
  {
    "offset": 400.6666666666667,
    "pitch": "B-3",
    "length": 0.3333333333333333
  },
  {
    "offset": 401.0,
    "pitch": "E-4",
    "length": 0.25
  },
  {
    "offset": 401.25,
    "pitch": "F4",
    "length": 0.25
  },
  {
    "offset": 401.3333333333333,
    "pitch": "B-3",
    "length": 0.75
  },
  {
    "offset": 402.3333333333333,
    "pitch": "C#4",
    "length": 0.5
  },
  {
    "offset": 402.6666666666667,
    "pitch": "B-3",
    "length": 0.3333333333333333
  },
  {
    "offset": 403.0,
    "pitch": "C#4",
    "length": 0.5
  },
  {
    "offset": 403.5,
    "pitch": "C#4",
    "length": 0.25
  },
  {
    "offset": 403.6666666666667,
    "pitch": "B-3",
    "length": 0.3333333333333333
  },
  {
    "offset": 404.0,
    "pitch": "B-3",
    "length": 0.6666666666666666
  },
  {
    "offset": 404.5,
    "pitch": "C#4",
    "length": 0.25
  },
  {
    "offset": 404.6666666666667,
    "pitch": "B-3",
    "length": 0.3333333333333333
  },
  {
    "offset": 405.0,
    "pitch": "E-4",
    "length": 0.25
  },
  {
    "offset": 405.25,
    "pitch": "F4",
    "length": 0.6666666666666666
  },
  {
    "offset": 405.75,
    "pitch": "G#3",
    "length": 0.6666666666666666
  },
  {
    "offset": 406.3333333333333,
    "pitch": "C#4",
    "length": 0.5
  },
  {
    "offset": 406.6666666666667,
    "pitch": "B-3",
    "length": 0.3333333333333333
  },
  {
    "offset": 407.0,
    "pitch": "C#4",
    "length": 0.5
  },
  {
    "offset": 407.3333333333333,
    "pitch": "C#4",
    "length": 0.3333333333333333
  },
  {
    "offset": 407.6666666666667,
    "pitch": "B-3",
    "length": 0.3333333333333333
  },
  {
    "offset": 408.0,
    "pitch": "C#4",
    "length": 0.5
  },
  {
    "offset": 408.3333333333333,
    "pitch": "E-4",
    "length": 0.3333333333333333
  },
  {
    "offset": 408.6666666666667,
    "pitch": "F4",
    "length": 0.6666666666666666
  },
  {
    "offset": 409.25,
    "pitch": "G#3",
    "length": 0.3333333333333333
  },
  {
    "offset": 409.25,
    "pitch": "G#3",
    "length": 0.3333333333333333
  },
  {
    "offset": 409.6666666666667,
    "pitch": "B-3",
    "length": 0.3333333333333333
  },
  {
    "offset": 410.0,
    "pitch": "C#4",
    "length": 0.5
  },
  {
    "offset": 410.5,
    "pitch": "E-4",
    "length": 0.5
  },
  {
    "offset": 410.75,
    "pitch": "F4",
    "length": 0.25
  },
  {
    "offset": 411.0,
    "pitch": "G#3",
    "length": 0.6666666666666666
  },
  {
    "offset": 411.6666666666667,
    "pitch": "B-3",
    "length": 0.3333333333333333
  },
  {
    "offset": 412.0,
    "pitch": "C#4",
    "length": 0.3333333333333333
  },
  {
    "offset": 412.0,
    "pitch": "E-4",
    "length": 0.3333333333333333
  },
  {
    "offset": 412.3333333333333,
    "pitch": "F4",
    "length": 0.3333333333333333
  },
  {
    "offset": 412.6666666666667,
    "pitch": "C#4",
    "length": 0.75
  },
  {
    "offset": 413.25,
    "pitch": "B-3",
    "length": 0.25
  },
  {
    "offset": 413.5,
    "pitch": "C#4",
    "length": 0.5
  },
  {
    "offset": 414.5,
    "pitch": "B-3",
    "length": 0.75
  },
  {
    "offset": 415.0,
    "pitch": "C#4",
    "length": 0.5
  },
  {
    "offset": 415.25,
    "pitch": "B-3",
    "length": 0.25
  },
  {
    "offset": 415.3333333333333,
    "pitch": "C#4",
    "length": 0.6666666666666666
  },
  {
    "offset": 416.0,
    "pitch": "C#4",
    "length": 0.5
  },
  {
    "offset": 416.0,
    "pitch": "B-3",
    "length": 0.5
  },
  {
    "offset": 416.5,
    "pitch": "C#4",
    "length": 0.5
  },
  {
    "offset": 416.5,
    "pitch": "B-3",
    "length": 0.5
  },
  {
    "offset": 417.0,
    "pitch": "C#4",
    "length": 0.3333333333333333
  },
  {
    "offset": 417.0,
    "pitch": "B-3",
    "length": 0.3333333333333333
  },
  {
    "offset": 417.3333333333333,
    "pitch": "C#4",
    "length": 0.3333333333333333
  },
  {
    "offset": 417.6666666666667,
    "pitch": "E-4",
    "length": 0.3333333333333333
  },
  {
    "offset": 418.0,
    "pitch": "F4",
    "length": 0.5
  },
  {
    "offset": 418.5,
    "pitch": "E-4",
    "length": 0.5
  }
]