{
    "あ": "a",
    "い": "i",
    "う": "u",
    "え": "e",
    "お": "o",
    "か": "ka",
    "き": "ki",
    "く": "ku",
    "け": "ke",
    "こ": "ko",
    "きゃ": "kya",
    "きゅ": "kyu",
    "きょ": "kyo",
    "が": "ga",
    "ぎ": "gi",
    "ぐ": "gu",
    "げ": "ge",
    "ご": "go",
    "ぎゃ": "gya",
    "ぎゅ": "gyu",
    "ぎょ": "gyo",
    "ざ": "za",
    "じ": "ji",
    "ず": "zu",
    "ぜ": "ze",
    "ぞ": "zo",
    "じゃ": "ja",
    "じゅ": "ju",
    "じょ": "jo",
    "だ": "da",
    "ぢ": "ji",
    "づ": "dzu",
    "で": "de",
    "ど": "do",
    "ぢゃ": "ja",
    "ぢゅ": "ju",
    "ぢょ": "jo",
    "ば": "ba",
    "び": "bi",
    "ぶ": "bu",
    "べ": "be",
    "ぼ": "bo",
    "びゃ": "bya",
    "びゅ": "byu",
    "びょ": "byo",
    "ぱ": "pa",
    "ぴ": "pi",
    "ぷ": "pu",
    "ぺ": "pe",
    "ぽ": "po",
    "ぴゃ": "pya",
    "ぴゅ": "pyu",
    "ぴょ": "pyo"
}
